vana_võti;EAV_väärtuste_arv;vana_vormi_tüüp;sihtväli_või_kandidaat;sihtkood_või_kandidaadid;sihtklassifikaator;sihtpuu;siht_raskusaste;tingimus;järeldus;tõendid;otsus_või_järgmine_samm;ebakindluse_tase;säilitamise_ettepanek;näide;näite_staatus;vajalik_küsimus_või_otsus;vastutaja;andmekao_hinnang;mis_võib_kaduda;lubatud_vahele_jätta;koodi_selgitus_sihtregistris
VSI869;7;Roadworthiness2012;MAARAMATA - sihtvali kinnitada;VSI869;EU_INFRINGEMENT;;;"Ainult value='on'; vormi versioon ja alamtüüp peavad sobima; alias + EL-kood ei tohi tekitada topeltkirjet. Sama kood üksi ei tõenda sama tuvastust: arvestada lähtevormi, juhi/kaasjuhi või sõiduki/haagise rolli, sihtvälja ja klassifikaatori haru. Tõendatud alias-seose ühendamisel säilitada kõik lähteridade ID-d, võtmed ja väärtused; sõltumatuid põhjuseid ei liideta.";Koodi olemasolu on kinnitatud, kuid täpne sihtväli või kasutusreegel ei ole tõendatud.;LJVIS2 classifier_value: EU_INFRINGEMENT.VSI869 (VSI869);"Lahendada enne üleminekut; algväärtus säilitada, vaikimisi välja jätta ei tohi.";"L1 — konkreetne kandidaat; päritolu ja haru tuleb kinnitada";"Kandidaat: sp_driver_form/sp_teammate_form.cabotage_violations, violationCode=VSI869; raskus sihtklassifikaatorist. Kinnitada kauba-/sõitjateveo haru ja vana võtme tähendus; sünkroonitud alias ja EL-kood ühendada.";"{""violationCode"": ""VSI869"", ""severityCode"": ""VSI""}";"Ettepanek; ei ole praeguse ETL-i valmis väljund. legacyKey/legacyValue lisa vajab mudelit ja kasutajaliidest.";Kas vana mall või andmeomanik kinnitab kabotaaži tähenduse ning kauba-/sõitjateveo haru?;"Arendus; andmeomanik kinnitab tähenduse ja kuvamise.";Pöördumatu algandmekadu ei ole tõendatud: võti ja väärtus on olemas. Ärivälja või statistika täielik vastendus on lahendamata.;Konkreetne tähendus/detail ja automaatne kasutus uues süsteemis, kui kirje vahele jäetakse või üldisemaks teisendatakse.;"Ei. Ajalooline lisa peab olema loetav, vormiga seotud ja vastuvõetud; snapshot üksi ei tõenda ülemineku valmidust.";veoseveo kabotaažvedu ei vasta vastuvõtvas liikmesriigis kehtivatele õigus- ja haldusnormidele (määrus (EÜ) nr 1072/2009 art 8 lg 2)
VSI871;4;Roadworthiness2012;MAARAMATA - sihtvali kinnitada;VSI871;EU_INFRINGEMENT;;;"Ainult value='on'; vormi versioon ja alamtüüp peavad sobima; alias + EL-kood ei tohi tekitada topeltkirjet. Sama kood üksi ei tõenda sama tuvastust: arvestada lähtevormi, juhi/kaasjuhi või sõiduki/haagise rolli, sihtvälja ja klassifikaatori haru. Tõendatud alias-seose ühendamisel säilitada kõik lähteridade ID-d, võtmed ja väärtused; sõltumatuid põhjuseid ei liideta.";Koodi olemasolu on kinnitatud, kuid täpne sihtväli või kasutusreegel ei ole tõendatud.;LJVIS2 classifier_value: EU_INFRINGEMENT.VSI871 (VSI871);"Lahendada enne üleminekut; algväärtus säilitada, vaikimisi välja jätta ei tohi.";"L1 — konkreetne kandidaat; päritolu ja haru tuleb kinnitada";"Kandidaat: sp_driver_form/sp_teammate_form.cabotage_violations, violationCode=VSI871; raskus sihtklassifikaatorist. Kinnitada kauba-/sõitjateveo haru ja vana võtme tähendus; sünkroonitud alias ja EL-kood ühendada.";"{""violationCode"": ""VSI871"", ""severityCode"": ""VSI""}";"Ettepanek; ei ole praeguse ETL-i valmis väljund. legacyKey/legacyValue lisa vajab mudelit ja kasutajaliidest.";Kas vana mall või andmeomanik kinnitab kabotaaži tähenduse ning kauba-/sõitjateveo haru?;"Arendus; andmeomanik kinnitab tähenduse ja kuvamise.";Pöördumatu algandmekadu ei ole tõendatud: võti ja väärtus on olemas. Ärivälja või statistika täielik vastendus on lahendamata.;Konkreetne tähendus/detail ja automaatne kasutus uues süsteemis, kui kirje vahele jäetakse või üldisemaks teisendatakse.;"Ei. Ajalooline lisa peab olema loetav, vormiga seotud ja vastuvõetud; snapshot üksi ei tõenda ülemineku valmidust.";vedaja ei suuda esitada selgeid tõendeid eelnenud rahvusvahelise veo ja/või iga järgneva teostatud kabotaažveo kohta ja/või kõigi tehtud vedude kohta juhul, kui sõiduk on vastuvõtvas liikmesriigis viibinud 4 päeva enne rahvusvahelist vedu, ning esitada need tõendid teel toimuva kontrolli vältel
SI925;2;Roadworthiness2012;sp_driver_form või sp_teammate_form: sihtstruktuur vajab otsust;SI925;MASS_DIMENSION / EU_INFRINGEMENT;;;"Ainult value='on'; vormi versioon ja alamtüüp peavad sobima; alias + EL-kood ei tohi tekitada topeltkirjet. Vana mõõtme tähendus on teada; puudub kadudeta sihtstruktuuri kokkulepe. Sama kood üksi ei tõenda sama tuvastust: arvestada lähtevormi, juhi/kaasjuhi või sõiduki/haagise rolli, sihtvälja ja klassifikaatori haru. Tõendatud alias-seose ühendamisel säilitada kõik lähteridade ID-d, võtmed ja väärtused; sõltumatuid põhjuseid ei liideta.";"Sama kood tähendab DRIVING_VIOLATION puus teist asja. Vana massi/mõõtme koodi ei tohi suunata violations_561_2006/165_2014 veergu. mass_dimension_measurements vajab mõõteandmeid; ainult on neid ei anna.";LJVIS2 classifier_value: DRIVING_VIOLATION.SI925 (ANDMETE_ESITAMINE > ANDMETE_ESITAMINE_01 > SI925) | LJVIS2 ANDMETE_ESITAMINE.description = 'Euroopa Parlamendi ja nõukogu määrus (EL) nr 165/2014' | Ljvis.Domain/Generators/SeriousInfringementClassifierGenerator.cs:37 SeriousInfringementClassifierGenerator Name=SI 925 – ületatakse suurimat lubatud laiust 2,65 ≤ … < 3,10 meetrit;"Lahendada enne üleminekut; algväärtus säilitada, vaikimisi välja jätta ei tohi.";L2 — sihtmudeli täiendus;Lisada massi/mõõtme ajaloolise rikkumise kirje, mis säilitab rikkumiskoodi ja tõendatud vahemiku ka ilma mõõtetulemuseta. Mõõdetud väärtus peab jääma puuduvaks, mitte 0-ks. Ei paigutata sama koodiga teise sisuga DRIVING_VIOLATION harusse.;"{""legacyKey"": ""SI925"", ""legacyValue"": ""on"", ""candidateCode"": ""SI925"", ""measuredValue"": null, ""mappingStatus"": ""vajab_kinnitust""}";"Ettepanek; ei ole praeguse ETL-i valmis väljund. legacyKey/legacyValue lisa vajab mudelit ja kasutajaliidest.";Kas uus mudel lubab rikkumise fikseerimist ilma mõõteandmeteta? Kinnitada uus väli/ajalooline lisa ning selle kuvamine ja statistika.;"Arendus; andmeomanik kinnitab tähenduse ja kuvamise.";Pöördumatu algandmekadu ei ole tõendatud: võti ja väärtus on olemas. Ärivälja või statistika täielik vastendus on lahendamata.;Konkreetne tähendus/detail ja automaatne kasutus uues süsteemis, kui kirje vahele jäetakse või üldisemaks teisendatakse.;"Ei. Ajalooline lisa peab olema loetav, vormiga seotud ja vastuvõetud; snapshot üksi ei tõenda ülemineku valmidust.";ületatakse suurimat lubatud laiust 2,65 ≤ … < 3,10 meetrit
SI948;2;Roadworthiness2012;MAARAMATA - sihtvali kinnitada;SI948;EU_INFRINGEMENT;;;"Ainult value='on'; vormi versioon ja alamtüüp peavad sobima; alias + EL-kood ei tohi tekitada topeltkirjet. Sama kood üksi ei tõenda sama tuvastust: arvestada lähtevormi, juhi/kaasjuhi või sõiduki/haagise rolli, sihtvälja ja klassifikaatori haru. Tõendatud alias-seose ühendamisel säilitada kõik lähteridade ID-d, võtmed ja väärtused; sõltumatuid põhjuseid ei liideta.";Koodi olemasolu on kinnitatud, kuid täpne sihtväli või kasutusreegel ei ole tõendatud.;LJVIS2 classifier_value: EU_INFRINGEMENT.SI948 (SI948);"Lahendada enne üleminekut; algväärtus säilitada, vaikimisi välja jätta ei tohi.";L2 — sihtmudeli täiendus;"Tähenduse järgi kandidaat: violations_165_2014. Võrrelda sihtpuu täpset kirjeldust ja lisada vajadusel puuduv alamkirje; teise sisuga koodi ei asendata. Kuni kinnitamiseni säilitada loetav ajalooline kirje koos EL-koodi, algvõtme ja kirjeldusega.";"{""legacyKey"": ""SI948"", ""legacyValue"": ""on"", ""mappingStatus"": ""lahendamata""}";"Ettepanek; ei ole praeguse ETL-i valmis väljund. legacyKey/legacyValue lisa vajab mudelit ja kasutajaliidest.";Millises LJVIS2 domeenis ja väljas peab SI948 olema nähtav? Kinnitada kirjeldus, raskus ja mõju statistikale enne standardmassivi lisamist.;"Arendus; andmeomanik kinnitab tähenduse ja kuvamise.";Pöördumatu algandmekadu ei ole tõendatud: võti ja väärtus on olemas. Ärivälja või statistika täielik vastendus on lahendamata.;Konkreetne tähendus/detail ja automaatne kasutus uues süsteemis, kui kirje vahele jäetakse või üldisemaks teisendatakse.;"Ei. Ajalooline lisa peab olema loetav, vormiga seotud ja vastuvõetud; snapshot üksi ei tõenda ülemineku valmidust.";"märgi „parvlaev/rong"" ebaõige kasutamine või kasutamata jätmine"
SI949;2;Roadworthiness2012;MAARAMATA - sihtvali kinnitada;SI949;EU_INFRINGEMENT;;;"Ainult value='on'; vormi versioon ja alamtüüp peavad sobima; alias + EL-kood ei tohi tekitada topeltkirjet. Sama kood üksi ei tõenda sama tuvastust: arvestada lähtevormi, juhi/kaasjuhi või sõiduki/haagise rolli, sihtvälja ja klassifikaatori haru. Tõendatud alias-seose ühendamisel säilitada kõik lähteridade ID-d, võtmed ja väärtused; sõltumatuid põhjuseid ei liideta.";Koodi olemasolu on kinnitatud, kuid täpne sihtväli või kasutusreegel ei ole tõendatud.;LJVIS2 classifier_value: EU_INFRINGEMENT.SI949 (SI949);"Lahendada enne üleminekut; algväärtus säilitada, vaikimisi välja jätta ei tohi.";L2 — sihtmudeli täiendus;"Tähenduse järgi kandidaat: violations_165_2014. Võrrelda sihtpuu täpset kirjeldust ja lisada vajadusel puuduv alamkirje; teise sisuga koodi ei asendata. Kuni kinnitamiseni säilitada loetav ajalooline kirje koos EL-koodi, algvõtme ja kirjeldusega.";"{""legacyKey"": ""SI949"", ""legacyValue"": ""on"", ""mappingStatus"": ""lahendamata""}";"Ettepanek; ei ole praeguse ETL-i valmis väljund. legacyKey/legacyValue lisa vajab mudelit ja kasutajaliidest.";Millises LJVIS2 domeenis ja väljas peab SI949 olema nähtav? Kinnitada kirjeldus, raskus ja mõju statistikale enne standardmassivi lisamist.;"Arendus; andmeomanik kinnitab tähenduse ja kuvamise.";Pöördumatu algandmekadu ei ole tõendatud: võti ja väärtus on olemas. Ärivälja või statistika täielik vastendus on lahendamata.;Konkreetne tähendus/detail ja automaatne kasutus uues süsteemis, kui kirje vahele jäetakse või üldisemaks teisendatakse.;"Ei. Ajalooline lisa peab olema loetav, vormiga seotud ja vastuvõetud; snapshot üksi ei tõenda ülemineku valmidust.";puuduvad nende riikide tähised, mille piirid juht igapäevasel tööajal ületas
VSI832;2;Roadworthiness2012;MAARAMATA - sihtvali kinnitada;VSI832;EU_INFRINGEMENT;;;"Ainult value='on'; vormi versioon ja alamtüüp peavad sobima; alias + EL-kood ei tohi tekitada topeltkirjet. Sama kood üksi ei tõenda sama tuvastust: arvestada lähtevormi, juhi/kaasjuhi või sõiduki/haagise rolli, sihtvälja ja klassifikaatori haru. Tõendatud alias-seose ühendamisel säilitada kõik lähteridade ID-d, võtmed ja väärtused; sõltumatuid põhjuseid ei liideta.";Koodi olemasolu on kinnitatud, kuid täpne sihtväli või kasutusreegel ei ole tõendatud.;LJVIS2 classifier_value: EU_INFRINGEMENT.VSI832 (VSI832) | Ljvis.Domain/Generators/VerySeriousInfringementClassifierGenerator.cs:44 VerySeriousInfringementClassifierGenerator Name=VSI 832 - ei esitata jooksval päeval ja eelnenud 28 päeval koostatud k;"Lahendada enne üleminekut; algväärtus säilitada, vaikimisi välja jätta ei tohi.";L2 — sihtmudeli täiendus;Lisada või taastada DRIVING_VIOLATION puus sisuliselt õige VSI832 kirje koos vanema, kirjelduse ja kinnitatud raskusega. Alles seejärel kasutada violations_165_2014. Alternatiiv: loetav ajalooline lisa, kuni sihtpuu on korras.;"{""legacyKey"": ""VSI832"", ""legacyValue"": ""on"", ""mappingStatus"": ""lahendamata""}";"Ettepanek; ei ole praeguse ETL-i valmis väljund. legacyKey/legacyValue lisa vajab mudelit ja kasutajaliidest.";"Kinnitada sihtpuu puuduv kirje ja ajaloolise raskusastme poliitika; EU_INFRINGEMENT koodi olemasolu üksi ei määra õigust uude puusse lisada.";"Arendus; andmeomanik kinnitab tähenduse ja kuvamise.";Pöördumatu algandmekadu ei ole tõendatud: võti ja väärtus on olemas. Ärivälja või statistika täielik vastendus on lahendamata.;Konkreetne tähendus/detail ja automaatne kasutus uues süsteemis, kui kirje vahele jäetakse või üldisemaks teisendatakse.;"Ei. Ajalooline lisa peab olema loetav, vormiga seotud ja vastuvõetud; snapshot üksi ei tõenda ülemineku valmidust.";ei esitata jooksval päeval ja eelnenud 56 päeval koostatud käsikirjalisi kandeid ja väljatrükke
VSI865;2;Roadworthiness2012;MAARAMATA - sihtvali kinnitada;VSI865;EU_INFRINGEMENT;;;"Ainult value='on'; vormi versioon ja alamtüüp peavad sobima; alias + EL-kood ei tohi tekitada topeltkirjet. Sama kood üksi ei tõenda sama tuvastust: arvestada lähtevormi, juhi/kaasjuhi või sõiduki/haagise rolli, sihtvälja ja klassifikaatori haru. Tõendatud alias-seose ühendamisel säilitada kõik lähteridade ID-d, võtmed ja väärtused; sõltumatuid põhjuseid ei liideta.";Koodi olemasolu on kinnitatud, kuid täpne sihtväli või kasutusreegel ei ole tõendatud.;LJVIS2 classifier_value: EU_INFRINGEMENT.VSI865 (VSI865);"Lahendada enne üleminekut; algväärtus säilitada, vaikimisi välja jätta ei tohi.";L2 — sihtmudeli täiendus;"Tähenduse järgi kandidaat: violations_561_2006. Võrrelda sihtpuu täpset kirjeldust ja lisada vajadusel puuduv alamkirje; teise sisuga koodi ei asendata. Kuni kinnitamiseni säilitada loetav ajalooline kirje koos EL-koodi, algvõtme ja kirjeldusega.";"{""legacyKey"": ""VSI865"", ""legacyValue"": ""on"", ""mappingStatus"": ""lahendamata""}";"Ettepanek; ei ole praeguse ETL-i valmis väljund. legacyKey/legacyValue lisa vajab mudelit ja kasutajaliidest.";Millises LJVIS2 domeenis ja väljas peab VSI865 olema nähtav? Kinnitada kirjeldus, raskus ja mõju statistikale enne standardmassivi lisamist.;"Arendus; andmeomanik kinnitab tähenduse ja kuvamise.";Pöördumatu algandmekadu ei ole tõendatud: võti ja väärtus on olemas. Ärivälja või statistika täielik vastendus on lahendamata.;Konkreetne tähendus/detail ja automaatne kasutus uues süsteemis, kui kirje vahele jäetakse või üldisemaks teisendatakse.;"Ei. Ajalooline lisa peab olema loetav, vormiga seotud ja vastuvõetud; snapshot üksi ei tõenda ülemineku valmidust.";kahele järjestikusele vähendatud iganädalasele puhkeperioodile ei järgne kompenseerimiseks võetavat puhkeperioodi
art36_lg1_art36_lg2_part4_3;2;Roadworthiness2012;sp_driver_form/sp_teammate_form.violations_165_2014;VSI832;DRIVING_VIOLATION;;;"Ainult value='on'; vormi versioon ja alamtüüp peavad sobima; alias + EL-kood ei tohi tekitada topeltkirjet. Sama kood üksi ei tõenda sama tuvastust: arvestada lähtevormi, juhi/kaasjuhi või sõiduki/haagise rolli, sihtvälja ja klassifikaatori haru. Tõendatud alias-seose ühendamisel säilitada kõik lähteridade ID-d, võtmed ja väärtused; sõltumatuid põhjuseid ei liideta.";"Vana EL-kood on tõendatud ja leidub EU_INFRINGEMENT-is, kuid DRIVING_VIOLATION vajalik kirje puudub; sihtpuu tuleb parandada või kinnitada muu lahendus.";"Ljvis/Areas/Forms/Views/Form/UnitedPartials/Roadworthiness/InfringementTable/_Version2016.ascx:890 tabeli pais: 2. Euroopa Parlamendi ja nõukogu määruse (EL) nr 165/2014 rikkumised k | Ljvis/Areas/Forms/Views/Form/UnitedPartials/Roadworthiness/InfringementTable/_Version2017.ascx:983 tabeli pais: 2. Euroopa Parlamendi ja nõukogu määruse (EL) nr 165/2014 rikkumiste k | Ljvis/Areas/Forms/Views/Form/UnitedPartials/Roadworthiness2012_old.ascx:1062 tabeli pais: 2. Euroopa Parlamendi ja nõukogu määruse (EL) nr 165/2014 rikkumised k | Ljvis/Areas/Forms/Views/Form/UnitedPartials/Roadworthiness/InfringementTable/_Version2017.ascx:983 name=""art36_lg1_art36_lg2_part4_3"" vsi=""VSI832"" | LJVIS2: EU_INFRINGEMENT.VSI832 (VSI832) | Raund 3: mallist automaatselt leitud art36_lg1_art36_lg2_part4_3→VSI832 kontrolliti sõltumatu input-atribuutide lugemisega. 77 eligible-vormi seas alias 2 vormil, vastav EL-kood 2/2 vormil, aliasel 2 EAV-rida. See kinnitab allika alias-seost, mitte puuduva sihtvälja olemasolu ega uute võtmete tähendust.";"Lahendada enne üleminekut; algväärtus säilitada, vaikimisi välja jätta ei tohi.";L2 — sihtmudeli täiendus;Lisada või taastada DRIVING_VIOLATION puus sisuliselt õige VSI832 kirje koos vanema, kirjelduse ja kinnitatud raskusega. Alles seejärel kasutada violations_165_2014. Alternatiiv: loetav ajalooline lisa, kuni sihtpuu on korras.;"{""legacyKey"": ""art36_lg1_art36_lg2_part4_3"", ""legacyValue"": ""on"", ""mappingStatus"": ""lahendamata""}";"Ettepanek; ei ole praeguse ETL-i valmis väljund. legacyKey/legacyValue lisa vajab mudelit ja kasutajaliidest.";"Kinnitada sihtpuu puuduv kirje ja ajaloolise raskusastme poliitika; EU_INFRINGEMENT koodi olemasolu üksi ei määra õigust uude puusse lisada.";"Arendus; andmeomanik kinnitab tähenduse ja kuvamise.";Pöördumatu algandmekadu ei ole tõendatud: võti ja väärtus on olemas. Ärivälja või statistika täielik vastendus on lahendamata.;Konkreetne tähendus/detail ja automaatne kasutus uues süsteemis, kui kirje vahele jäetakse või üldisemaks teisendatakse.;"Ei. Ajalooline lisa peab olema loetav, vormiga seotud ja vastuvõetud; snapshot üksi ei tõenda ülemineku valmidust.";ei esitata jooksval päeval ja eelnenud 56 päeval koostatud käsikirjalisi kandeid ja väljatrükke
width_265310_si;2;Roadworthiness2012;sp_driver_form või sp_teammate_form: sihtstruktuur vajab otsust;SI925;MASS_DIMENSION / EU_INFRINGEMENT;;;"Ainult value='on'; vormi versioon ja alamtüüp peavad sobima; alias + EL-kood ei tohi tekitada topeltkirjet. Vana mõõtme tähendus on teada; puudub kadudeta sihtstruktuuri kokkulepe. Sama kood üksi ei tõenda sama tuvastust: arvestada lähtevormi, juhi/kaasjuhi või sõiduki/haagise rolli, sihtvälja ja klassifikaatori haru. Tõendatud alias-seose ühendamisel säilitada kõik lähteridade ID-d, võtmed ja väärtused; sõltumatuid põhjuseid ei liideta.";"Sama kood tähendab DRIVING_VIOLATION puus teist asja. Vana massi/mõõtme koodi ei tohi suunata violations_561_2006/165_2014 veergu. mass_dimension_measurements vajab mõõteandmeid; ainult on neid ei anna.";"Ljvis/Areas/Forms/Views/Form/UnitedPartials/Roadworthiness2012.ascx:469 name=""width_265310_si"" si=""SI925"" | LJVIS2: DRIVING_VIOLATION.SI925 (ANDMETE_ESITAMINE > ANDMETE_ESITAMINE_01 > SI925) | LJVIS2 ANDMETE_ESITAMINE.description = 'Euroopa Parlamendi ja nõukogu määrus (EL) nr 165/2014' | Raund 3: mallist automaatselt leitud width_265310_si→SI925 kontrolliti sõltumatu input-atribuutide lugemisega. 77 eligible-vormi seas alias 2 vormil, vastav EL-kood 2/2 vormil, aliasel 2 EAV-rida. See kinnitab allika alias-seost, mitte puuduva sihtvälja olemasolu ega uute võtmete tähendust.";"Lahendada enne üleminekut; algväärtus säilitada, vaikimisi välja jätta ei tohi.";L2 — sihtmudeli täiendus;Lisada massi/mõõtme ajaloolise rikkumise kirje, mis säilitab rikkumiskoodi ja tõendatud vahemiku ka ilma mõõtetulemuseta. Mõõdetud väärtus peab jääma puuduvaks, mitte 0-ks. Ei paigutata sama koodiga teise sisuga DRIVING_VIOLATION harusse.;"{""legacyKey"": ""width_265310_si"", ""legacyValue"": ""on"", ""candidateCode"": ""SI925"", ""measuredValue"": null, ""mappingStatus"": ""vajab_kinnitust""}";"Ettepanek; ei ole praeguse ETL-i valmis väljund. legacyKey/legacyValue lisa vajab mudelit ja kasutajaliidest.";Kas uus mudel lubab rikkumise fikseerimist ilma mõõteandmeteta? Kinnitada uus väli/ajalooline lisa ning selle kuvamine ja statistika.;"Arendus; andmeomanik kinnitab tähenduse ja kuvamise.";Pöördumatu algandmekadu ei ole tõendatud: võti ja väärtus on olemas. Ärivälja või statistika täielik vastendus on lahendamata.;Konkreetne tähendus/detail ja automaatne kasutus uues süsteemis, kui kirje vahele jäetakse või üldisemaks teisendatakse.;"Ei. Ajalooline lisa peab olema loetav, vormiga seotud ja vastuvõetud; snapshot üksi ei tõenda ülemineku valmidust.";ületatakse suurimat lubatud laiust 2,65 ≤ … < 3,10 meetrit
MSI201;1;Roadworthiness2012;MAARAMATA - sihtvali kinnitada;MSI201;EU_INFRINGEMENT;;;"Ainult value='on'; vormi versioon ja alamtüüp peavad sobima; alias + EL-kood ei tohi tekitada topeltkirjet. Sama kood üksi ei tõenda sama tuvastust: arvestada lähtevormi, juhi/kaasjuhi või sõiduki/haagise rolli, sihtvälja ja klassifikaatori haru. Tõendatud alias-seose ühendamisel säilitada kõik lähteridade ID-d, võtmed ja väärtused; sõltumatuid põhjuseid ei liideta.";Koodi olemasolu on kinnitatud, kuid täpne sihtväli või kasutusreegel ei ole tõendatud.;LJVIS2 classifier_value: EU_INFRINGEMENT.MSI201 (MSI201) | Ljvis.Domain/Generators/KoigeRaskemateRikkumisteKategooriaClassifierGenerator.cs:14 KoigeRaskemateRikkumisteKategooriaClassifierGenerator Name=MSI 201 - nõutava sõidumeeriku puudumine. ;"Lahendada enne üleminekut; algväärtus säilitada, vaikimisi välja jätta ei tohi.";L2 — sihtmudeli täiendus;Lisada või taastada DRIVING_VIOLATION puus sisuliselt õige MSI201 kirje koos vanema, kirjelduse ja kinnitatud raskusega. Alles seejärel kasutada violations_165_2014. Alternatiiv: loetav ajalooline lisa, kuni sihtpuu on korras.;"{""legacyKey"": ""MSI201"", ""legacyValue"": ""on"", ""mappingStatus"": ""lahendamata""}";"Ettepanek; ei ole praeguse ETL-i valmis väljund. legacyKey/legacyValue lisa vajab mudelit ja kasutajaliidest.";"Kinnitada sihtpuu puuduv kirje ja ajaloolise raskusastme poliitika; EU_INFRINGEMENT koodi olemasolu üksi ei määra õigust uude puusse lisada.";"Arendus; andmeomanik kinnitab tähenduse ja kuvamise.";Pöördumatu algandmekadu ei ole tõendatud: võti ja väärtus on olemas. Ärivälja või statistika täielik vastendus on lahendamata.;Konkreetne tähendus/detail ja automaatne kasutus uues süsteemis, kui kirje vahele jäetakse või üldisemaks teisendatakse.;"Ei. Ajalooline lisa peab olema loetav, vormiga seotud ja vastuvõetud; snapshot üksi ei tõenda ülemineku valmidust.";ei ole paigaldatud ega kasutata tüübikinnituse saanud sõidumeerikut
MSI302;1;RoadControlCard2012;MAARAMATA - sihtvali kinnitada;MSI302;EU_INFRINGEMENT;;;"Ainult value='on'; vormi versioon ja alamtüüp peavad sobima; alias + EL-kood ei tohi tekitada topeltkirjet. Sama kood üksi ei tõenda sama tuvastust: arvestada lähtevormi, juhi/kaasjuhi või sõiduki/haagise rolli, sihtvälja ja klassifikaatori haru. Tõendatud alias-seose ühendamisel säilitada kõik lähteridade ID-d, võtmed ja väärtused; sõltumatuid põhjuseid ei liideta.";Koodi olemasolu on kinnitatud, kuid täpne sihtväli või kasutusreegel ei ole tõendatud.;LJVIS2 classifier_value: EU_INFRINGEMENT.MSI302 (MSI302) | Ljvis.Domain/Generators/KoigeRaskemateRikkumisteKategooriaClassifierGenerator.cs:24 KoigeRaskemateRikkumisteKategooriaClassifierGenerator Name=MSI 302 - sõitmine eriti ohtliku tehnilise veaga sõidukiga, kui see vi;"Lahendada enne üleminekut; algväärtus säilitada, vaikimisi välja jätta ei tohi.";L2 — sihtmudeli täiendus;"Tähenduse järgi kandidaat: tehnilise puuduse või SP-vormil avastatud tehnilise rikkumise ajalooline kirje. Võrrelda sihtpuu täpset kirjeldust ja lisada vajadusel puuduv alamkirje; teise sisuga koodi ei asendata. Kuni kinnitamiseni säilitada loetav ajalooline kirje koos EL-koodi, algvõtme ja kirjeldusega.";"{""legacyKey"": ""MSI302"", ""legacyValue"": ""on"", ""mappingStatus"": ""lahendamata""}";"Ettepanek; ei ole praeguse ETL-i valmis väljund. legacyKey/legacyValue lisa vajab mudelit ja kasutajaliidest.";Millises LJVIS2 domeenis ja väljas peab MSI302 olema nähtav? Kinnitada kirjeldus, raskus ja mõju statistikale enne standardmassivi lisamist.;"Arendus; andmeomanik kinnitab tähenduse ja kuvamise.";Pöördumatu algandmekadu ei ole tõendatud: võti ja väärtus on olemas. Ärivälja või statistika täielik vastendus on lahendamata.;Konkreetne tähendus/detail ja automaatne kasutus uues süsteemis, kui kirje vahele jäetakse või üldisemaks teisendatakse.;"Ei. Ajalooline lisa peab olema loetav, vormiga seotud ja vastuvõetud; snapshot üksi ei tõenda ülemineku valmidust.";sõidukit ei hoita ohutuna ja tehnonõuetele vastavas korras, mille tulemuseks on väga tõsised puudused pidurisüsteemis, roolihoovastikus, ratastes/rehvides, vedrustuses või raamis või mujal varustuses, mis kujutab sellist vahetut ohtu liiklusohutusele, mis viib otsuseni sõiduk kasutuselt kõrvaldada
SI922;1;Roadworthiness2012;sp_driver_form või sp_teammate_form: sihtstruktuur vajab otsust;SI922;MASS_DIMENSION / EU_INFRINGEMENT;;;"Ainult value='on'; vormi versioon ja alamtüüp peavad sobima; alias + EL-kood ei tohi tekitada topeltkirjet. Vana mõõtme tähendus on teada; puudub kadudeta sihtstruktuuri kokkulepe. Sama kood üksi ei tõenda sama tuvastust: arvestada lähtevormi, juhi/kaasjuhi või sõiduki/haagise rolli, sihtvälja ja klassifikaatori haru. Tõendatud alias-seose ühendamisel säilitada kõik lähteridade ID-d, võtmed ja väärtused; sõltumatuid põhjuseid ei liideta.";"Sama kood tähendab DRIVING_VIOLATION puus teist asja. Vana massi/mõõtme koodi ei tohi suunata violations_561_2006/165_2014 veergu. mass_dimension_measurements vajab mõõteandmeid; ainult on neid ei anna.";LJVIS2 classifier_value: DRIVING_VIOLATION.SI922 (PUHKEPERIOODID > PUHKEPERIOODID_09 > SI922) | LJVIS2 PUHKEPERIOODID.description = 'Euroopa Parlamendi ja nõukogu määrus (EÜ) nr 561/2006' | Ljvis.Domain/Generators/SeriousInfringementClassifierGenerator.cs:34 SeriousInfringementClassifierGenerator Name=SI 922 – ületatakse suurimat lubatud massi N3-kategooria sõidukite puh;"Lahendada enne üleminekut; algväärtus säilitada, vaikimisi välja jätta ei tohi.";L2 — sihtmudeli täiendus;Lisada massi/mõõtme ajaloolise rikkumise kirje, mis säilitab rikkumiskoodi ja tõendatud vahemiku ka ilma mõõtetulemuseta. Mõõdetud väärtus peab jääma puuduvaks, mitte 0-ks. Ei paigutata sama koodiga teise sisuga DRIVING_VIOLATION harusse.;"{""legacyKey"": ""SI922"", ""legacyValue"": ""on"", ""candidateCode"": ""SI922"", ""measuredValue"": null, ""mappingStatus"": ""vajab_kinnitust""}";"Ettepanek; ei ole praeguse ETL-i valmis väljund. legacyKey/legacyValue lisa vajab mudelit ja kasutajaliidest.";Kas uus mudel lubab rikkumise fikseerimist ilma mõõteandmeteta? Kinnitada uus väli/ajalooline lisa ning selle kuvamine ja statistika.;"Arendus; andmeomanik kinnitab tähenduse ja kuvamise.";Pöördumatu algandmekadu ei ole tõendatud: võti ja väärtus on olemas. Ärivälja või statistika täielik vastendus on lahendamata.;Konkreetne tähendus/detail ja automaatne kasutus uues süsteemis, kui kirje vahele jäetakse või üldisemaks teisendatakse.;"Ei. Ajalooline lisa peab olema loetav, vormiga seotud ja vastuvõetud; snapshot üksi ei tõenda ülemineku valmidust.";ületatakse suurimat lubatud massi N3-kategooria sõidukite puhul 5% ≤ ... < 10%
VSI845;1;Roadworthiness2012;sp_driver_form või sp_teammate_form: sihtstruktuur vajab otsust;VSI845;MASS_DIMENSION / EU_INFRINGEMENT;;;"Ainult value='on'; vormi versioon ja alamtüüp peavad sobima; alias + EL-kood ei tohi tekitada topeltkirjet. Vana mõõtme tähendus on teada; puudub kadudeta sihtstruktuuri kokkulepe. Sama kood üksi ei tõenda sama tuvastust: arvestada lähtevormi, juhi/kaasjuhi või sõiduki/haagise rolli, sihtvälja ja klassifikaatori haru. Tõendatud alias-seose ühendamisel säilitada kõik lähteridade ID-d, võtmed ja väärtused; sõltumatuid põhjuseid ei liideta.";"Sama kood tähendab DRIVING_VIOLATION puus teist asja. Vana massi/mõõtme koodi ei tohi suunata violations_561_2006/165_2014 veergu. mass_dimension_measurements vajab mõõteandmeid; ainult on neid ei anna.";LJVIS2 classifier_value: DRIVING_VIOLATION.VSI845 (ANDMETE_ESITAMINE > ANDMETE_ESITAMINE_05 > VSI845) | LJVIS2 ANDMETE_ESITAMINE.description = 'Euroopa Parlamendi ja nõukogu määrus (EL) nr 165/2014' | Ljvis.Domain/Generators/VerySeriousInfringementClassifierGenerator.cs:57 VerySeriousInfringementClassifierGenerator Name=VSI 845 - ületatakse suurimat lubatud pikkust 20% ≤ ...;"Lahendada enne üleminekut; algväärtus säilitada, vaikimisi välja jätta ei tohi.";L2 — sihtmudeli täiendus;Lisada massi/mõõtme ajaloolise rikkumise kirje, mis säilitab rikkumiskoodi ja tõendatud vahemiku ka ilma mõõtetulemuseta. Mõõdetud väärtus peab jääma puuduvaks, mitte 0-ks. Ei paigutata sama koodiga teise sisuga DRIVING_VIOLATION harusse.;"{""legacyKey"": ""VSI845"", ""legacyValue"": ""on"", ""candidateCode"": ""VSI845"", ""measuredValue"": null, ""mappingStatus"": ""vajab_kinnitust""}";"Ettepanek; ei ole praeguse ETL-i valmis väljund. legacyKey/legacyValue lisa vajab mudelit ja kasutajaliidest.";Kas uus mudel lubab rikkumise fikseerimist ilma mõõteandmeteta? Kinnitada uus väli/ajalooline lisa ning selle kuvamine ja statistika.;"Arendus; andmeomanik kinnitab tähenduse ja kuvamise.";Pöördumatu algandmekadu ei ole tõendatud: võti ja väärtus on olemas. Ärivälja või statistika täielik vastendus on lahendamata.;Konkreetne tähendus/detail ja automaatne kasutus uues süsteemis, kui kirje vahele jäetakse või üldisemaks teisendatakse.;"Ei. Ajalooline lisa peab olema loetav, vormiga seotud ja vastuvõetud; snapshot üksi ei tõenda ülemineku valmidust.";ületatakse suurimat lubatud pikkust 20% ≤ ...
VSI868;1;Roadworthiness2012;MAARAMATA - sihtvali kinnitada;VSI868;EU_INFRINGEMENT;;;"Ainult value='on'; vormi versioon ja alamtüüp peavad sobima; alias + EL-kood ei tohi tekitada topeltkirjet. Sama kood üksi ei tõenda sama tuvastust: arvestada lähtevormi, juhi/kaasjuhi või sõiduki/haagise rolli, sihtvälja ja klassifikaatori haru. Tõendatud alias-seose ühendamisel säilitada kõik lähteridade ID-d, võtmed ja väärtused; sõltumatuid põhjuseid ei liideta.";Koodi olemasolu on kinnitatud, kuid täpne sihtväli või kasutusreegel ei ole tõendatud.;LJVIS2 classifier_value: EU_INFRINGEMENT.VSI868 (VSI868);"Lahendada enne üleminekut; algväärtus säilitada, vaikimisi välja jätta ei tohi.";L2 — sihtmudeli täiendus;"Tähenduse järgi kandidaat: violations_165_2014. Võrrelda sihtpuu täpset kirjeldust ja lisada vajadusel puuduv alamkirje; teise sisuga koodi ei asendata. Kuni kinnitamiseni säilitada loetav ajalooline kirje koos EL-koodi, algvõtme ja kirjeldusega.";"{""legacyKey"": ""VSI868"", ""legacyValue"": ""on"", ""mappingStatus"": ""lahendamata""}";"Ettepanek; ei ole praeguse ETL-i valmis väljund. legacyKey/legacyValue lisa vajab mudelit ja kasutajaliidest.";Millises LJVIS2 domeenis ja väljas peab VSI868 olema nähtav? Kinnitada kirjeldus, raskus ja mõju statistikale enne standardmassivi lisamist.;"Arendus; andmeomanik kinnitab tähenduse ja kuvamise.";Pöördumatu algandmekadu ei ole tõendatud: võti ja väärtus on olemas. Ärivälja või statistika täielik vastendus on lahendamata.;Konkreetne tähendus/detail ja automaatne kasutus uues süsteemis, kui kirje vahele jäetakse või üldisemaks teisendatakse.;"Ei. Ajalooline lisa peab olema loetav, vormiga seotud ja vastuvõetud; snapshot üksi ei tõenda ülemineku valmidust.";nõutavaid andmeid ei ole salvestuslehele kantud
VSI872;1;Roadworthiness2012;MAARAMATA - sihtvali kinnitada;VSI872;EU_INFRINGEMENT;;;"Ainult value='on'; vormi versioon ja alamtüüp peavad sobima; alias + EL-kood ei tohi tekitada topeltkirjet. Sama kood üksi ei tõenda sama tuvastust: arvestada lähtevormi, juhi/kaasjuhi või sõiduki/haagise rolli, sihtvälja ja klassifikaatori haru. Tõendatud alias-seose ühendamisel säilitada kõik lähteridade ID-d, võtmed ja väärtused; sõltumatuid põhjuseid ei liideta.";Koodi olemasolu on kinnitatud, kuid täpne sihtväli või kasutusreegel ei ole tõendatud.;LJVIS2 classifier_value: EU_INFRINGEMENT.VSI872 (VSI872);"Lahendada enne üleminekut; algväärtus säilitada, vaikimisi välja jätta ei tohi.";"L1 — konkreetne kandidaat; päritolu ja haru tuleb kinnitada";"Kandidaat: sp_driver_form/sp_teammate_form.cabotage_violations, violationCode=VSI872; raskus sihtklassifikaatorist. Kinnitada kauba-/sõitjateveo haru ja vana võtme tähendus; sünkroonitud alias ja EL-kood ühendada.";"{""violationCode"": ""VSI872"", ""severityCode"": ""VSI""}";"Ettepanek; ei ole praeguse ETL-i valmis väljund. legacyKey/legacyValue lisa vajab mudelit ja kasutajaliidest.";Kas vana mall või andmeomanik kinnitab kabotaaži tähenduse ning kauba-/sõitjateveo haru?;"Arendus; andmeomanik kinnitab tähenduse ja kuvamise.";Pöördumatu algandmekadu ei ole tõendatud: võti ja väärtus on olemas. Ärivälja või statistika täielik vastendus on lahendamata.;Konkreetne tähendus/detail ja automaatne kasutus uues süsteemis, kui kirje vahele jäetakse või üldisemaks teisendatakse.;"Ei. Ajalooline lisa peab olema loetav, vormiga seotud ja vastuvõetud; snapshot üksi ei tõenda ülemineku valmidust.";sõitjateveo kabotaažvedu ei vasta vastuvõtvas liikmesriigis kehtivatele õigus- ja haldusnormidele (määrus (EÜ) nr 1073/2009 art 16)
art3_lg1_art22_lg2_4;1;Roadworthiness2012;sp_driver_form/sp_teammate_form.violations_165_2014;MSI201;DRIVING_VIOLATION;;;"Ainult value='on'; vormi versioon ja alamtüüp peavad sobima; alias + EL-kood ei tohi tekitada topeltkirjet. Sama kood üksi ei tõenda sama tuvastust: arvestada lähtevormi, juhi/kaasjuhi või sõiduki/haagise rolli, sihtvälja ja klassifikaatori haru. Tõendatud alias-seose ühendamisel säilitada kõik lähteridade ID-d, võtmed ja väärtused; sõltumatuid põhjuseid ei liideta.";"Vana EL-kood on tõendatud ja leidub EU_INFRINGEMENT-is, kuid DRIVING_VIOLATION vajalik kirje puudub; sihtpuu tuleb parandada või kinnitada muu lahendus.";"Ljvis/App_Data/breaches/breaches_165_2014.json (fail nimetab maaruse) | Ljvis/Areas/Forms/Views/Form/UnitedPartials/Roadworthiness/InfringementTable/_Version2016.ascx:483 tabeli pais: 2. Euroopa Parlamendi ja nõukogu määruse (EL) nr 165/2014 rikkumised k | Ljvis/Areas/Forms/Views/Form/UnitedPartials/Roadworthiness/InfringementTable/_Version2017.ascx:596 tabeli pais: 2. Euroopa Parlamendi ja nõukogu määruse (EL) nr 165/2014 rikkumiste k | Ljvis/Areas/Forms/Views/Form/UnitedPartials/Roadworthiness2012_old.ascx:655 tabeli pais: 2. Euroopa Parlamendi ja nõukogu määruse (EL) nr 165/2014 rikkumised k | Ljvis/Areas/Forms/Views/Form/UnitedPartials/Roadworthiness/InfringementTable/_Version2016.ascx:483 name=""art3_lg1_art22_lg2_4"" msi=""MSI201"" | LJVIS2: EU_INFRINGEMENT.MSI201 (MSI201) | Raund 3: mallist automaatselt leitud art3_lg1_art22_lg2_4→MSI201 kontrolliti sõltumatu input-atribuutide lugemisega. 77 eligible-vormi seas alias 1 vormil, vastav EL-kood 1/1 vormil, aliasel 1 EAV-rida. See kinnitab allika alias-seost, mitte puuduva sihtvälja olemasolu ega uute võtmete tähendust.";"Lahendada enne üleminekut; algväärtus säilitada, vaikimisi välja jätta ei tohi.";L2 — sihtmudeli täiendus;Lisada või taastada DRIVING_VIOLATION puus sisuliselt õige MSI201 kirje koos vanema, kirjelduse ja kinnitatud raskusega. Alles seejärel kasutada violations_165_2014. Alternatiiv: loetav ajalooline lisa, kuni sihtpuu on korras.;"{""legacyKey"": ""art3_lg1_art22_lg2_4"", ""legacyValue"": ""on"", ""mappingStatus"": ""lahendamata""}";"Ettepanek; ei ole praeguse ETL-i valmis väljund. legacyKey/legacyValue lisa vajab mudelit ja kasutajaliidest.";"Kinnitada sihtpuu puuduv kirje ja ajaloolise raskusastme poliitika; EU_INFRINGEMENT koodi olemasolu üksi ei määra õigust uude puusse lisada.";"Arendus; andmeomanik kinnitab tähenduse ja kuvamise.";Pöördumatu algandmekadu ei ole tõendatud: võti ja väärtus on olemas. Ärivälja või statistika täielik vastendus on lahendamata.;Konkreetne tähendus/detail ja automaatne kasutus uues süsteemis, kui kirje vahele jäetakse või üldisemaks teisendatakse.;"Ei. Ajalooline lisa peab olema loetav, vormiga seotud ja vastuvõetud; snapshot üksi ei tõenda ülemineku valmidust.";ei ole paigaldatud ega kasutata tüübikinnituse saanud sõidumeerikut
autovs_51_lg3_p3;1;TransportInterruption;vehicle_technical_form.transport_interruption_* / kv_form;autovs_51_lg3_p3;INTERRUPTION_BASES;;;"Ainult value='on'; vormi versioon ja alamtüüp peavad sobima; alias + EL-kood ei tohi tekitada topeltkirjet. Sama kood üksi ei tõenda sama tuvastust: arvestada lähtevormi, juhi/kaasjuhi või sõiduki/haagise rolli, sihtvälja ja klassifikaatori haru. Tõendatud alias-seose ühendamisel säilitada kõik lähteridade ID-d, võtmed ja väärtused; sõltumatuid põhjuseid ei liideta.";Koodi olemasolu on kinnitatud, kuid täpne sihtväli või kasutusreegel ei ole tõendatud.;LJVIS2 classifier_value: INTERRUPTION_BASES.autovs_51_lg3_p3 (autovs_51_lg3_p3) | Ljvis.Domain/Generators/TransportInterruptionOptionClassifierGenerator.cs:31 TransportInterruptionOptionClassifierGenerator Name=;"Lahendada enne üleminekut; algväärtus säilitada, vaikimisi välja jätta ei tohi.";L2 — sihtmudeli täiendus;Säilitada täpne katkestamise alus eraldi ajaloolise meetmena või laiendada meetmete loendit. Mitte teisendada automaatselt olemasolevaks § 51 lg 3 p 1 lipuks ega luua tervet uut katkestamisvormi puuduvate andmetega.;"{""legacyKey"": ""autovs_51_lg3_p3"", ""legacyValue"": ""on"", ""mappingStatus"": ""lahendamata""}";"Ettepanek; ei ole praeguse ETL-i valmis väljund. legacyKey/legacyValue lisa vajab mudelit ja kasutajaliidest.";Milline LJVIS2 meetme väli peab kandma p 3 / p 4 alust? Kas vajalik on eraldi vorm või piisab ajaloolise meetme kuvamisest?;"Arendus; andmeomanik kinnitab tähenduse ja kuvamise.";Pöördumatu algandmekadu ei ole tõendatud: võti ja väärtus on olemas. Ärivälja või statistika täielik vastendus on lahendamata.;Konkreetne tähendus/detail ja automaatne kasutus uues süsteemis, kui kirje vahele jäetakse või üldisemaks teisendatakse.;"Ei. Ajalooline lisa peab olema loetav, vormiga seotud ja vastuvõetud; snapshot üksi ei tõenda ülemineku valmidust.";
autovs_51_lg3_p4;1;TransportInterruption;vehicle_technical_form.transport_interruption_* / kv_form;autovs_51_lg3_p4;INTERRUPTION_BASES;;;"Ainult value='on'; vormi versioon ja alamtüüp peavad sobima; alias + EL-kood ei tohi tekitada topeltkirjet. Sama kood üksi ei tõenda sama tuvastust: arvestada lähtevormi, juhi/kaasjuhi või sõiduki/haagise rolli, sihtvälja ja klassifikaatori haru. Tõendatud alias-seose ühendamisel säilitada kõik lähteridade ID-d, võtmed ja väärtused; sõltumatuid põhjuseid ei liideta.";Koodi olemasolu on kinnitatud, kuid täpne sihtväli või kasutusreegel ei ole tõendatud.;LJVIS2 classifier_value: INTERRUPTION_BASES.autovs_51_lg3_p4 (autovs_51_lg3_p4) | Ljvis.Domain/Generators/TransportInterruptionOptionClassifierGenerator.cs:39 TransportInterruptionOptionClassifierGenerator Name=;"Lahendada enne üleminekut; algväärtus säilitada, vaikimisi välja jätta ei tohi.";L2 — sihtmudeli täiendus;Säilitada täpne katkestamise alus eraldi ajaloolise meetmena või laiendada meetmete loendit. Mitte teisendada automaatselt olemasolevaks § 51 lg 3 p 1 lipuks ega luua tervet uut katkestamisvormi puuduvate andmetega.;"{""legacyKey"": ""autovs_51_lg3_p4"", ""legacyValue"": ""on"", ""mappingStatus"": ""lahendamata""}";"Ettepanek; ei ole praeguse ETL-i valmis väljund. legacyKey/legacyValue lisa vajab mudelit ja kasutajaliidest.";Milline LJVIS2 meetme väli peab kandma p 3 / p 4 alust? Kas vajalik on eraldi vorm või piisab ajaloolise meetme kuvamisest?;"Arendus; andmeomanik kinnitab tähenduse ja kuvamise.";Pöördumatu algandmekadu ei ole tõendatud: võti ja väärtus on olemas. Ärivälja või statistika täielik vastendus on lahendamata.;Konkreetne tähendus/detail ja automaatne kasutus uues süsteemis, kui kirje vahele jäetakse või üldisemaks teisendatakse.;"Ei. Ajalooline lisa peab olema loetav, vormiga seotud ja vastuvõetud; snapshot üksi ei tõenda ülemineku valmidust.";
length_20_vsi;1;Roadworthiness2012;sp_driver_form või sp_teammate_form: sihtstruktuur vajab otsust;VSI845;MASS_DIMENSION / EU_INFRINGEMENT;;;"Ainult value='on'; vormi versioon ja alamtüüp peavad sobima; alias + EL-kood ei tohi tekitada topeltkirjet. Vana mõõtme tähendus on teada; puudub kadudeta sihtstruktuuri kokkulepe. Sama kood üksi ei tõenda sama tuvastust: arvestada lähtevormi, juhi/kaasjuhi või sõiduki/haagise rolli, sihtvälja ja klassifikaatori haru. Tõendatud alias-seose ühendamisel säilitada kõik lähteridade ID-d, võtmed ja väärtused; sõltumatuid põhjuseid ei liideta.";"Sama kood tähendab DRIVING_VIOLATION puus teist asja. Vana massi/mõõtme koodi ei tohi suunata violations_561_2006/165_2014 veergu. mass_dimension_measurements vajab mõõteandmeid; ainult on neid ei anna.";"Ljvis/Areas/Forms/Views/Form/UnitedPartials/Roadworthiness2012.ascx:455 name=""length_20_vsi"" vsi=""VSI845"" | LJVIS2: DRIVING_VIOLATION.VSI845 (ANDMETE_ESITAMINE > ANDMETE_ESITAMINE_05 > VSI845) | LJVIS2 ANDMETE_ESITAMINE.description = 'Euroopa Parlamendi ja nõukogu määrus (EL) nr 165/2014' | Raund 3: mallist automaatselt leitud length_20_vsi→VSI845 kontrolliti sõltumatu input-atribuutide lugemisega. 77 eligible-vormi seas alias 1 vormil, vastav EL-kood 1/1 vormil, aliasel 1 EAV-rida. See kinnitab allika alias-seost, mitte puuduva sihtvälja olemasolu ega uute võtmete tähendust.";"Lahendada enne üleminekut; algväärtus säilitada, vaikimisi välja jätta ei tohi.";L2 — sihtmudeli täiendus;Lisada massi/mõõtme ajaloolise rikkumise kirje, mis säilitab rikkumiskoodi ja tõendatud vahemiku ka ilma mõõtetulemuseta. Mõõdetud väärtus peab jääma puuduvaks, mitte 0-ks. Ei paigutata sama koodiga teise sisuga DRIVING_VIOLATION harusse.;"{""legacyKey"": ""length_20_vsi"", ""legacyValue"": ""on"", ""candidateCode"": ""VSI845"", ""measuredValue"": null, ""mappingStatus"": ""vajab_kinnitust""}";"Ettepanek; ei ole praeguse ETL-i valmis väljund. legacyKey/legacyValue lisa vajab mudelit ja kasutajaliidest.";Kas uus mudel lubab rikkumise fikseerimist ilma mõõteandmeteta? Kinnitada uus väli/ajalooline lisa ning selle kuvamine ja statistika.;"Arendus; andmeomanik kinnitab tähenduse ja kuvamise.";Pöördumatu algandmekadu ei ole tõendatud: võti ja väärtus on olemas. Ärivälja või statistika täielik vastendus on lahendamata.;Konkreetne tähendus/detail ja automaatne kasutus uues süsteemis, kui kirje vahele jäetakse või üldisemaks teisendatakse.;"Ei. Ajalooline lisa peab olema loetav, vormiga seotud ja vastuvõetud; snapshot üksi ei tõenda ülemineku valmidust.";ületatakse suurimat lubatud pikkust 20% ≤ ...
weight_n3_510_si;1;Roadworthiness2012;sp_driver_form või sp_teammate_form: sihtstruktuur vajab otsust;SI922;MASS_DIMENSION / EU_INFRINGEMENT;;;"Ainult value='on'; vormi versioon ja alamtüüp peavad sobima; alias + EL-kood ei tohi tekitada topeltkirjet. Vana mõõtme tähendus on teada; puudub kadudeta sihtstruktuuri kokkulepe. Sama kood üksi ei tõenda sama tuvastust: arvestada lähtevormi, juhi/kaasjuhi või sõiduki/haagise rolli, sihtvälja ja klassifikaatori haru. Tõendatud alias-seose ühendamisel säilitada kõik lähteridade ID-d, võtmed ja väärtused; sõltumatuid põhjuseid ei liideta.";"Sama kood tähendab DRIVING_VIOLATION puus teist asja. Vana massi/mõõtme koodi ei tohi suunata violations_561_2006/165_2014 veergu. mass_dimension_measurements vajab mõõteandmeid; ainult on neid ei anna.";"Ljvis/Areas/Forms/Views/Form/UnitedPartials/Roadworthiness2012.ascx:388 name=""weight_n3_510_si"" si=""SI922"" | LJVIS2: DRIVING_VIOLATION.SI922 (PUHKEPERIOODID > PUHKEPERIOODID_09 > SI922) | LJVIS2 PUHKEPERIOODID.description = 'Euroopa Parlamendi ja nõukogu määrus (EÜ) nr 561/2006' | Raund 3: mallist automaatselt leitud weight_n3_510_si→SI922 kontrolliti sõltumatu input-atribuutide lugemisega. 77 eligible-vormi seas alias 1 vormil, vastav EL-kood 1/1 vormil, aliasel 1 EAV-rida. See kinnitab allika alias-seost, mitte puuduva sihtvälja olemasolu ega uute võtmete tähendust.";"Lahendada enne üleminekut; algväärtus säilitada, vaikimisi välja jätta ei tohi.";L2 — sihtmudeli täiendus;Lisada massi/mõõtme ajaloolise rikkumise kirje, mis säilitab rikkumiskoodi ja tõendatud vahemiku ka ilma mõõtetulemuseta. Mõõdetud väärtus peab jääma puuduvaks, mitte 0-ks. Ei paigutata sama koodiga teise sisuga DRIVING_VIOLATION harusse.;"{""legacyKey"": ""weight_n3_510_si"", ""legacyValue"": ""on"", ""candidateCode"": ""SI922"", ""measuredValue"": null, ""mappingStatus"": ""vajab_kinnitust""}";"Ettepanek; ei ole praeguse ETL-i valmis väljund. legacyKey/legacyValue lisa vajab mudelit ja kasutajaliidest.";Kas uus mudel lubab rikkumise fikseerimist ilma mõõteandmeteta? Kinnitada uus väli/ajalooline lisa ning selle kuvamine ja statistika.;"Arendus; andmeomanik kinnitab tähenduse ja kuvamise.";Pöördumatu algandmekadu ei ole tõendatud: võti ja väärtus on olemas. Ärivälja või statistika täielik vastendus on lahendamata.;Konkreetne tähendus/detail ja automaatne kasutus uues süsteemis, kui kirje vahele jäetakse või üldisemaks teisendatakse.;"Ei. Ajalooline lisa peab olema loetav, vormiga seotud ja vastuvõetud; snapshot üksi ei tõenda ülemineku valmidust.";ületatakse suurimat lubatud massi N3-kategooria sõidukite puhul 5% ≤ ... < 10%
art1_lg12;4;Roadworthiness2012;sp_driver_form/sp_teammate_form.violations_2020_1057;SI952;DRIVING_VIOLATION;LAHETAMINE>LAHETAMINE_07>SI952;SI;"Ainult value='on'; vormi versioon ja alamtüüp peavad sobima; alias + EL-kood ei tohi tekitada topeltkirjet. Sama kood üksi ei tõenda sama tuvastust: arvestada lähtevormi, juhi/kaasjuhi või sõiduki/haagise rolli, sihtvälja ja klassifikaatori haru. Tõendatud alias-seose ühendamisel säilitada kõik lähteridade ID-d, võtmed ja väärtused; sõltumatuid põhjuseid ei liideta.";"Konkreetne kandidaat on olemas; nimetuse/artikli ja koosesinemise põhjal pakutud, mitte vana malli järgi tõendatud.";"LJVIS2 DRIVING_VIOLATION.LAHETAMINE_07: Autoveoettevõtja ei ajakohasta lähetusdeklaratsioone siseturu infosüsteemi avalikus liideses; Artikli 1 lõige 12; alamkood SI952, sihtraskus SI. Backup: alias esinevatest vormidest 4/4 sisaldab ka SI952=on. Täpset lähtevõtit antud vanast lähtekoodist ei leitud; koosesinemine ei tõenda samatähenduslikkust.";"Pärast tähenduse kinnitamist rakendada konkreetne kandidaat ja kontrollida päritolu ning deduplikatsiooni; praegu on see lahendusettepanek.";"L1 — konkreetne kandidaat; vana tähendus vajab kinnitust";"Pärast lähte tähenduse kinnitamist salvestada SI952 väljale violations_2020_1057. Kui sama tuvastus on juba EL-koodist loodud, siduda mõlemad lähtevõtmed sama kirjega. Enne kinnitamist säilitada algväärtus loetava ajaloolise lisana; kandidaati ei loeta automaatselt kinnitatud rikkumiseks.";"{""violationCode"": ""SI952"", ""severityCode"": ""SI"", ""isDetected"": ""true""}";"Ettepanek; ei ole praeguse ETL-i valmis väljund. legacyKey/legacyValue lisa vajab mudelit ja kasutajaliidest.";"Arendus: kinnitada vana malli/printvormi tähendus ja sama tuvastuse alias-seos; kontrollida ajaloolise raskusastme poliitikat. Puuduv tõend ei anna luba rida välja jätta.";"Arendus; andmeomanik kinnitab tähenduse ja kuvamise.";Pöördumatu algandmekadu ei ole tõendatud: võti ja väärtus on olemas. Ärivälja või statistika täielik vastendus on lahendamata.;Konkreetne tähendus/detail ja automaatne kasutus uues süsteemis, kui kirje vahele jäetakse või üldisemaks teisendatakse.;"Ei. Ajalooline lisa peab olema loetav, vormiga seotud ja vastuvõetud; snapshot üksi ei tõenda ülemineku valmidust.";Autoveoettevõtja ei ajakohasta lähetusdeklaratsioone siseturu infosüsteemi avalikus liideses
art1_lg11_3;1;Roadworthiness2012;sp_driver_form/sp_teammate_form.violations_2020_1057;VSI879;DRIVING_VIOLATION;LAHETAMINE>LAHETAMINE_06>VSI879;VSI;"Ainult value='on'; vormi versioon ja alamtüüp peavad sobima; alias + EL-kood ei tohi tekitada topeltkirjet. Sama kood üksi ei tõenda sama tuvastust: arvestada lähtevormi, juhi/kaasjuhi või sõiduki/haagise rolli, sihtvälja ja klassifikaatori haru. Tõendatud alias-seose ühendamisel säilitada kõik lähteridade ID-d, võtmed ja väärtused; sõltumatuid põhjuseid ei liideta.";"Konkreetne kandidaat on olemas; nimetuse/artikli ja koosesinemise põhjal pakutud, mitte vana malli järgi tõendatud.";"LJVIS2 DRIVING_VIOLATION.LAHETAMINE_06: Taotletud dokumendid jäetakse lähetuse sihtliikmesriigile esitamata kaheksa nädala jooksul alates taotluse esitamise kuupäevast; Artikli 1 lõike 11 punkt c; alamkood VSI879, sihtraskus VSI. Backup: alias esinevatest vormidest 1/1 sisaldab ka VSI879=on. Täpset lähtevõtit antud vanast lähtekoodist ei leitud; koosesinemine ei tõenda samatähenduslikkust.";"Pärast tähenduse kinnitamist rakendada konkreetne kandidaat ja kontrollida päritolu ning deduplikatsiooni; praegu on see lahendusettepanek.";"L1 — konkreetne kandidaat; vana tähendus vajab kinnitust";"Pärast lähte tähenduse kinnitamist salvestada VSI879 väljale violations_2020_1057. Kui sama tuvastus on juba EL-koodist loodud, siduda mõlemad lähtevõtmed sama kirjega. Enne kinnitamist säilitada algväärtus loetava ajaloolise lisana; kandidaati ei loeta automaatselt kinnitatud rikkumiseks.";"{""violationCode"": ""VSI879"", ""severityCode"": ""VSI"", ""isDetected"": ""true""}";"Ettepanek; ei ole praeguse ETL-i valmis väljund. legacyKey/legacyValue lisa vajab mudelit ja kasutajaliidest.";"Arendus: kinnitada vana malli/printvormi tähendus ja sama tuvastuse alias-seos; kontrollida ajaloolise raskusastme poliitikat. Puuduv tõend ei anna luba rida välja jätta.";"Arendus; andmeomanik kinnitab tähenduse ja kuvamise.";Pöördumatu algandmekadu ei ole tõendatud: võti ja väärtus on olemas. Ärivälja või statistika täielik vastendus on lahendamata.;Konkreetne tähendus/detail ja automaatne kasutus uues süsteemis, kui kirje vahele jäetakse või üldisemaks teisendatakse.;"Ei. Ajalooline lisa peab olema loetav, vormiga seotud ja vastuvõetud; snapshot üksi ei tõenda ülemineku valmidust.";Taotletud dokumendid jäetakse lähetuse sihtliikmesriigile esitamata kaheksa nädala jooksul alates taotluse esitamise kuupäevast
valisriigi_vedaja_kabotaaz_vsi869;5;Roadworthiness2012;sp_driver_form.cabotage_violations;VSI869;EU_INFRINGEMENT;;;"Ainult value='on'; vormi versioon ja alamtüüp peavad sobima; alias + EL-kood ei tohi tekitada topeltkirjet. Sama kood üksi ei tõenda sama tuvastust: arvestada lähtevormi, juhi/kaasjuhi või sõiduki/haagise rolli, sihtvälja ja klassifikaatori haru. Tõendatud alias-seose ühendamisel säilitada kõik lähteridade ID-d, võtmed ja väärtused; sõltumatuid põhjuseid ei liideta.";"EL kood on votme nimes ja on LJVIS2-s olemas; vana malli kinnitust ei ole; Vana malli kinnitust ei leitud -- kood tuletatud voti nimest";"Voti sisaldab koodi VSI869; LJVIS2: EU_INFRINGEMENT.VSI869 (VSI869)";"Lahendada enne üleminekut; algväärtus säilitada, vaikimisi välja jätta ei tohi.";"L1 — konkreetne kandidaat; päritolu ja haru tuleb kinnitada";"Kandidaat: sp_driver_form/sp_teammate_form.cabotage_violations, violationCode=VSI869; raskus sihtklassifikaatorist. Kinnitada kauba-/sõitjateveo haru ja vana võtme tähendus; sünkroonitud alias ja EL-kood ühendada.";"{""violationCode"": ""VSI869"", ""severityCode"": ""VSI""}";"Ettepanek; ei ole praeguse ETL-i valmis väljund. legacyKey/legacyValue lisa vajab mudelit ja kasutajaliidest.";Kas vana mall või andmeomanik kinnitab kabotaaži tähenduse ning kauba-/sõitjateveo haru?;"Arendus; andmeomanik kinnitab tähenduse ja kuvamise.";Pöördumatu algandmekadu ei ole tõendatud: võti ja väärtus on olemas. Ärivälja või statistika täielik vastendus on lahendamata.;Konkreetne tähendus/detail ja automaatne kasutus uues süsteemis, kui kirje vahele jäetakse või üldisemaks teisendatakse.;"Ei. Ajalooline lisa peab olema loetav, vormiga seotud ja vastuvõetud; snapshot üksi ei tõenda ülemineku valmidust.";veoseveo kabotaažvedu ei vasta vastuvõtvas liikmesriigis kehtivatele õigus- ja haldusnormidele (määrus (EÜ) nr 1072/2009 art 8 lg 2)
valisriigi_vedaja_kabotaaz_vsi871;4;Roadworthiness2012;sp_driver_form.cabotage_violations;VSI871;EU_INFRINGEMENT;;;"Ainult value='on'; vormi versioon ja alamtüüp peavad sobima; alias + EL-kood ei tohi tekitada topeltkirjet. Sama kood üksi ei tõenda sama tuvastust: arvestada lähtevormi, juhi/kaasjuhi või sõiduki/haagise rolli, sihtvälja ja klassifikaatori haru. Tõendatud alias-seose ühendamisel säilitada kõik lähteridade ID-d, võtmed ja väärtused; sõltumatuid põhjuseid ei liideta.";"EL kood on votme nimes ja on LJVIS2-s olemas; vana malli kinnitust ei ole; Vana malli kinnitust ei leitud -- kood tuletatud voti nimest";"Voti sisaldab koodi VSI871; LJVIS2: EU_INFRINGEMENT.VSI871 (VSI871)";"Lahendada enne üleminekut; algväärtus säilitada, vaikimisi välja jätta ei tohi.";"L1 — konkreetne kandidaat; päritolu ja haru tuleb kinnitada";"Kandidaat: sp_driver_form/sp_teammate_form.cabotage_violations, violationCode=VSI871; raskus sihtklassifikaatorist. Kinnitada kauba-/sõitjateveo haru ja vana võtme tähendus; sünkroonitud alias ja EL-kood ühendada.";"{""violationCode"": ""VSI871"", ""severityCode"": ""VSI""}";"Ettepanek; ei ole praeguse ETL-i valmis väljund. legacyKey/legacyValue lisa vajab mudelit ja kasutajaliidest.";Kas vana mall või andmeomanik kinnitab kabotaaži tähenduse ning kauba-/sõitjateveo haru?;"Arendus; andmeomanik kinnitab tähenduse ja kuvamise.";Pöördumatu algandmekadu ei ole tõendatud: võti ja väärtus on olemas. Ärivälja või statistika täielik vastendus on lahendamata.;Konkreetne tähendus/detail ja automaatne kasutus uues süsteemis, kui kirje vahele jäetakse või üldisemaks teisendatakse.;"Ei. Ajalooline lisa peab olema loetav, vormiga seotud ja vastuvõetud; snapshot üksi ei tõenda ülemineku valmidust.";vedaja ei suuda esitada selgeid tõendeid eelnenud rahvusvahelise veo ja/või iga järgneva teostatud kabotaažveo kohta ja/või kõigi tehtud vedude kohta juhul, kui sõiduk on vastuvõtvas liikmesriigis viibinud 4 päeva enne rahvusvahelist vedu, ning esitada need tõendid teel toimuva kontrolli vältel
valisriigi_vedaja_kabotaaz_vsi872;1;Roadworthiness2012;sp_driver_form.cabotage_violations;VSI872;EU_INFRINGEMENT;;;"Ainult value='on'; vormi versioon ja alamtüüp peavad sobima; alias + EL-kood ei tohi tekitada topeltkirjet. Sama kood üksi ei tõenda sama tuvastust: arvestada lähtevormi, juhi/kaasjuhi või sõiduki/haagise rolli, sihtvälja ja klassifikaatori haru. Tõendatud alias-seose ühendamisel säilitada kõik lähteridade ID-d, võtmed ja väärtused; sõltumatuid põhjuseid ei liideta.";"EL kood on votme nimes ja on LJVIS2-s olemas; vana malli kinnitust ei ole; Vana malli kinnitust ei leitud -- kood tuletatud voti nimest";"Voti sisaldab koodi VSI872; LJVIS2: EU_INFRINGEMENT.VSI872 (VSI872)";"Lahendada enne üleminekut; algväärtus säilitada, vaikimisi välja jätta ei tohi.";"L1 — konkreetne kandidaat; päritolu ja haru tuleb kinnitada";"Kandidaat: sp_driver_form/sp_teammate_form.cabotage_violations, violationCode=VSI872; raskus sihtklassifikaatorist. Kinnitada kauba-/sõitjateveo haru ja vana võtme tähendus; sünkroonitud alias ja EL-kood ühendada.";"{""violationCode"": ""VSI872"", ""severityCode"": ""VSI""}";"Ettepanek; ei ole praeguse ETL-i valmis väljund. legacyKey/legacyValue lisa vajab mudelit ja kasutajaliidest.";Kas vana mall või andmeomanik kinnitab kabotaaži tähenduse ning kauba-/sõitjateveo haru?;"Arendus; andmeomanik kinnitab tähenduse ja kuvamise.";Pöördumatu algandmekadu ei ole tõendatud: võti ja väärtus on olemas. Ärivälja või statistika täielik vastendus on lahendamata.;Konkreetne tähendus/detail ja automaatne kasutus uues süsteemis, kui kirje vahele jäetakse või üldisemaks teisendatakse.;"Ei. Ajalooline lisa peab olema loetav, vormiga seotud ja vastuvõetud; snapshot üksi ei tõenda ülemineku valmidust.";sõitjateveo kabotaažvedu ei vasta vastuvõtvas liikmesriigis kehtivatele õigus- ja haldusnormidele (määrus (EÜ) nr 1073/2009 art 16)
rw_doc_si_16;1;Roadworthiness2012;sp_driver_form/sp_teammate_form.document_checks;;DOC_RIGHT_CHECK;;;"Ainult value='on'; vormi versioon ja alamtüüp peavad sobima; alias + EL-kood ei tohi tekitada topeltkirjet. Sama kood üksi ei tõenda sama tuvastust: arvestada lähtevormi, juhi/kaasjuhi või sõiduki/haagise rolli, sihtvälja ja klassifikaatori haru. Tõendatud alias-seose ühendamisel säilitada kõik lähteridade ID-d, võtmed ja väärtused; sõltumatuid põhjuseid ei liideta.";"Vana definitsioon on olemas, LJVIS2-s vastet ei leitud; Vana definitsioon olemas, LJVIS2 vastet ei leitud";"Ljvis/Areas/Forms/Views/Form/UnitedPartials/Roadworthiness/DocumentsTable/_Version2018.ascx:91 alus=""Ühenduse tegevusloa kinnitatud ärakiri või tõestatud koopia"" tekst=""Ühenduse tegevusloa kinnitatud ärakiri või tõestatud koopia on üle ant""";"Lahendada enne üleminekut; algväärtus säilitada, vaikimisi välja jätta ei tohi.";L2 — sihtmudeli täiendus;"Vana tähendus on teada: tegevusloa ärakirja üleandmine mitteõigustatud isikule. Lisada DOC_RIGHT_CHECK sobiv kirje koos selgesõnalise koodi/raskuse otsusega; alternatiivina säilitada sama tekst ajaloolise dokumendikontrollina.";"{""legacyKey"": ""rw_doc_si_16"", ""legacyValue"": ""on"", ""mappingStatus"": ""lahendamata""}";"Ettepanek; ei ole praeguse ETL-i valmis väljund. legacyKey/legacyValue lisa vajab mudelit ja kasutajaliidest.";Milline uus dokumendikontrolli kood ja raskus kinnitatakse? Praegusest nimekirjast suvalist koodi valida ei tohi.;"Arendus; andmeomanik kinnitab tähenduse ja kuvamise.";Pöördumatu algandmekadu ei ole tõendatud: võti ja väärtus on olemas. Ärivälja või statistika täielik vastendus on lahendamata.;Konkreetne tähendus/detail ja automaatne kasutus uues süsteemis, kui kirje vahele jäetakse või üldisemaks teisendatakse.;"Ei. Ajalooline lisa peab olema loetav, vormiga seotud ja vastuvõetud; snapshot üksi ei tõenda ülemineku valmidust.";
art1_lg11_1_1;2;Roadworthiness2012;sp_driver_form/sp_teammate_form.violations_2020_1057;SI951;DRIVING_VIOLATION;LAHETAMINE>LAHETAMINE_01>SI951;SI;"Ainult value='on'; vormi versioon ja alamtüüp peavad sobima; alias + EL-kood ei tohi tekitada topeltkirjet. Sama kood üksi ei tõenda sama tuvastust: arvestada lähtevormi, juhi/kaasjuhi või sõiduki/haagise rolli, sihtvälja ja klassifikaatori haru. Tõendatud alias-seose ühendamisel säilitada kõik lähteridade ID-d, võtmed ja väärtused; sõltumatuid põhjuseid ei liideta.";"Konkreetne kandidaat on olemas; nimetuse/artikli ja koosesinemise põhjal pakutud, mitte vana malli järgi tõendatud.";"LJVIS2 DRIVING_VIOLATION.LAHETAMINE_01: Mittetäielik teave lähetusdeklaratsioonil; Artikli 1 lõike 11 punkt a; alamkood SI951, sihtraskus SI. Backup: alias esinevatest vormidest 2/2 sisaldab ka SI951=on. Täpset lähtevõtit antud vanast lähtekoodist ei leitud; koosesinemine ei tõenda samatähenduslikkust.";"Pärast tähenduse kinnitamist rakendada konkreetne kandidaat ja kontrollida päritolu ning deduplikatsiooni; praegu on see lahendusettepanek.";"L1 — konkreetne kandidaat; vana tähendus vajab kinnitust";"Pärast lähte tähenduse kinnitamist salvestada SI951 väljale violations_2020_1057. Kui sama tuvastus on juba EL-koodist loodud, siduda mõlemad lähtevõtmed sama kirjega. Enne kinnitamist säilitada algväärtus loetava ajaloolise lisana; kandidaati ei loeta automaatselt kinnitatud rikkumiseks.";"{""violationCode"": ""SI951"", ""severityCode"": ""SI"", ""isDetected"": ""true""}";"Ettepanek; ei ole praeguse ETL-i valmis väljund. legacyKey/legacyValue lisa vajab mudelit ja kasutajaliidest.";"Arendus: kinnitada vana malli/printvormi tähendus ja sama tuvastuse alias-seos; kontrollida ajaloolise raskusastme poliitikat. Puuduv tõend ei anna luba rida välja jätta.";"Arendus; andmeomanik kinnitab tähenduse ja kuvamise.";Pöördumatu algandmekadu ei ole tõendatud: võti ja väärtus on olemas. Ärivälja või statistika täielik vastendus on lahendamata.;Konkreetne tähendus/detail ja automaatne kasutus uues süsteemis, kui kirje vahele jäetakse või üldisemaks teisendatakse.;"Ei. Ajalooline lisa peab olema loetav, vormiga seotud ja vastuvõetud; snapshot üksi ei tõenda ülemineku valmidust.";Mittetäielik teave lähetusdeklaratsioonil
art1_lg11_2_3;2;Roadworthiness2012;sp_driver_form/sp_teammate_form.violations_2020_1057;VSI878;DRIVING_VIOLATION;LAHETAMINE>LAHETAMINE_05>VSI878;VSI;"Ainult value='on'; vormi versioon ja alamtüüp peavad sobima; alias + EL-kood ei tohi tekitada topeltkirjet. Sama kood üksi ei tõenda sama tuvastust: arvestada lähtevormi, juhi/kaasjuhi või sõiduki/haagise rolli, sihtvälja ja klassifikaatori haru. Tõendatud alias-seose ühendamisel säilitada kõik lähteridade ID-d, võtmed ja väärtused; sõltumatuid põhjuseid ei liideta.";"Konkreetne kandidaat on olemas; nimetuse/artikli ja koosesinemise põhjal pakutud, mitte vana malli järgi tõendatud.";"LJVIS2 DRIVING_VIOLATION.LAHETAMINE_05: Juhi käsutusse ei anta kehtivat lähetusdeklaratsiooni; Artikli 1 lõike 11 punkt b; alamkood VSI878, sihtraskus VSI. Backup: alias esinevatest vormidest 2/2 sisaldab ka VSI878=on. Täpset lähtevõtit antud vanast lähtekoodist ei leitud; koosesinemine ei tõenda samatähenduslikkust.";"Pärast tähenduse kinnitamist rakendada konkreetne kandidaat ja kontrollida päritolu ning deduplikatsiooni; praegu on see lahendusettepanek.";"L1 — konkreetne kandidaat; vana tähendus vajab kinnitust";"Pärast lähte tähenduse kinnitamist salvestada VSI878 väljale violations_2020_1057. Kui sama tuvastus on juba EL-koodist loodud, siduda mõlemad lähtevõtmed sama kirjega. Enne kinnitamist säilitada algväärtus loetava ajaloolise lisana; kandidaati ei loeta automaatselt kinnitatud rikkumiseks.";"{""violationCode"": ""VSI878"", ""severityCode"": ""VSI"", ""isDetected"": ""true""}";"Ettepanek; ei ole praeguse ETL-i valmis väljund. legacyKey/legacyValue lisa vajab mudelit ja kasutajaliidest.";"Arendus: kinnitada vana malli/printvormi tähendus ja sama tuvastuse alias-seos; kontrollida ajaloolise raskusastme poliitikat. Puuduv tõend ei anna luba rida välja jätta.";"Arendus; andmeomanik kinnitab tähenduse ja kuvamise.";Pöördumatu algandmekadu ei ole tõendatud: võti ja väärtus on olemas. Ärivälja või statistika täielik vastendus on lahendamata.;Konkreetne tähendus/detail ja automaatne kasutus uues süsteemis, kui kirje vahele jäetakse või üldisemaks teisendatakse.;"Ei. Ajalooline lisa peab olema loetav, vormiga seotud ja vastuvõetud; snapshot üksi ei tõenda ülemineku valmidust.";Juhi käsutusse ei anta kehtivat lähetusdeklaratsiooni
art1_lg11_1_2;1;Roadworthiness2012;sp_driver_form/sp_teammate_form.violations_2020_1057;VSI875;DRIVING_VIOLATION;LAHETAMINE>LAHETAMINE_02>VSI875;VSI;"Ainult value='on'; vormi versioon ja alamtüüp peavad sobima; alias + EL-kood ei tohi tekitada topeltkirjet. Sama kood üksi ei tõenda sama tuvastust: arvestada lähtevormi, juhi/kaasjuhi või sõiduki/haagise rolli, sihtvälja ja klassifikaatori haru. Tõendatud alias-seose ühendamisel säilitada kõik lähteridade ID-d, võtmed ja väärtused; sõltumatuid põhjuseid ei liideta.";"Konkreetne kandidaat on olemas; nimetuse/artikli ja koosesinemise põhjal pakutud, mitte vana malli järgi tõendatud.";"LJVIS2 DRIVING_VIOLATION.LAHETAMINE_02: Liikmesriigile, kuhu juht lähetatakse, ei esitata hiljemalt lähetuse alguses lähetusdeklaratsiooni; Artikli 1 lõike 11 punkt a; alamkood VSI875, sihtraskus VSI. Backup: alias esinevatest vormidest 1/1 sisaldab ka VSI875=on. Täpset lähtevõtit antud vanast lähtekoodist ei leitud; koosesinemine ei tõenda samatähenduslikkust.";"Pärast tähenduse kinnitamist rakendada konkreetne kandidaat ja kontrollida päritolu ning deduplikatsiooni; praegu on see lahendusettepanek.";"L1 — konkreetne kandidaat; vana tähendus vajab kinnitust";"Pärast lähte tähenduse kinnitamist salvestada VSI875 väljale violations_2020_1057. Kui sama tuvastus on juba EL-koodist loodud, siduda mõlemad lähtevõtmed sama kirjega. Enne kinnitamist säilitada algväärtus loetava ajaloolise lisana; kandidaati ei loeta automaatselt kinnitatud rikkumiseks.";"{""violationCode"": ""VSI875"", ""severityCode"": ""VSI"", ""isDetected"": ""true""}";"Ettepanek; ei ole praeguse ETL-i valmis väljund. legacyKey/legacyValue lisa vajab mudelit ja kasutajaliidest.";"Arendus: kinnitada vana malli/printvormi tähendus ja sama tuvastuse alias-seos; kontrollida ajaloolise raskusastme poliitikat. Puuduv tõend ei anna luba rida välja jätta.";"Arendus; andmeomanik kinnitab tähenduse ja kuvamise.";Pöördumatu algandmekadu ei ole tõendatud: võti ja väärtus on olemas. Ärivälja või statistika täielik vastendus on lahendamata.;Konkreetne tähendus/detail ja automaatne kasutus uues süsteemis, kui kirje vahele jäetakse või üldisemaks teisendatakse.;"Ei. Ajalooline lisa peab olema loetav, vormiga seotud ja vastuvõetud; snapshot üksi ei tõenda ülemineku valmidust.";Liikmesriigile, kuhu juht lähetatakse, ei esitata hiljemalt lähetuse alguses lähetusdeklaratsiooni
OV_V2_TBCP_11_1_2_1;1;RoadControlCard2012;vehicle_technical_form/trailer_technical_form.parts_defects;CAA_10.1.2a, CAA_10.1.2b;TECHNICAL_CHECK;"CAA_10>CAA_10.1.2a; CAA_10>CAA_10.1.2b";OV;"Ainult value='on'; vormi versioon ja alamtüüp peavad sobima; alias + EL-kood ei tohi tekitada topeltkirjet. Raskusastmed JSON-is VO/OV/EOV, mitte minor/major/dangerous; kontrollida punkti teksti ja ajaloolist versiooni. Sama kood üksi ei tõenda sama tuvastust: arvestada lähtevormi, juhi/kaasjuhi või sõiduki/haagise rolli, sihtvälja ja klassifikaatori haru. Tõendatud alias-seose ühendamisel säilitada kõik lähteridade ID-d, võtmed ja väärtused; sõltumatuid põhjuseid ei liideta.";"Kaks sisuliselt erinevat kandidaati sobivad sama lähteraskusega. Ainult sufiksi järgi valimine ei ole lubatud; a/b ei tähenda alati kergemat/raskemat puudust.";"ToBeControlledPartGenerator.cs:479–480 tõendab V2_TBCP_11 veose kinnitamise haru. Täpset vana detailvõtit ei leitud. Sihtvariandid: CAA_10.1.2a: 10.1.2 Esiseina ebapiisav tugevus (lubatud OV) | CAA_10.1.2b: 10.1.2 Veetava veose jaoks esiseina ebapiisav kõrgus (lubatud VO,OV). Lähte raskus OV sobib 2 variandiga. Numbriline rada ja _1→a/_2→b jäävad hüpoteesiks; vana detailteksti vastavust ei ole tõendatud.";"Rakendada alles pärast vana detailteksti ja sihtvariandi vastavuse kinnitamist; algne raskus säilitada.";"L1 — konkreetne punktikandidaat; a/b detail vajab kinnitust";"Säilitada lähtevõti, raskus ja vormiseos loetava ajaloolise detailina. Pärast vana punkti ja detailteksti kontrolli valida üks näidatud variant; mitte luua mõlemat, valida vaikimisi a/b ega koondada üldpunktiks.";"Kui vana tekst vastab kandidaadile CAA_10.1.2a, kasutada seda; kui tekst vastab CAA_10.1.2b, kasutada teist. Mõlemal juhul severity=OV; tõendi puudumisel säilitada ajalooline detail.";"Ettepanek; ei ole praeguse ETL-i valmis väljund. legacyKey/legacyValue lisa vajab mudelit ja kasutajaliidest.";"Arendus: kontrollida vastava vana vormiversiooni täpset punkti ja detailteksti. Otsustada kirjelduste, mitte ainult numbri või raskusastme järgi. Kui tõend puudub, ajalooline detail säilib; mitte välja jätta.";"Arendus; andmeomanik kinnitab tähenduse ja kuvamise.";Pöördumatu algandmekadu ei ole tõendatud: võti ja väärtus on olemas. Ärivälja või statistika täielik vastendus on lahendamata.;Konkreetne tähendus/detail ja automaatne kasutus uues süsteemis, kui kirje vahele jäetakse või üldisemaks teisendatakse.;"Ei. Ajalooline lisa peab olema loetav, vormiga seotud ja vastuvõetud; snapshot üksi ei tõenda ülemineku valmidust.";CAA_10.1.2a: 10.1.2 Esiseina ebapiisav tugevus (lubatud OV) | CAA_10.1.2b: 10.1.2 Veetava veose jaoks esiseina ebapiisav kõrgus (lubatud VO,OV)
OV_V2_TBCP_11_3_2_1;1;RoadControlCard2012;vehicle_technical_form/trailer_technical_form.parts_defects;CAA_10.3.2a, CAA_10.3.2b;TECHNICAL_CHECK;"CAA_10>CAA_10.3.2a; CAA_10>CAA_10.3.2b";OV;"Ainult value='on'; vormi versioon ja alamtüüp peavad sobima; alias + EL-kood ei tohi tekitada topeltkirjet. Raskusastmed JSON-is VO/OV/EOV, mitte minor/major/dangerous; kontrollida punkti teksti ja ajaloolist versiooni. Sama kood üksi ei tõenda sama tuvastust: arvestada lähtevormi, juhi/kaasjuhi või sõiduki/haagise rolli, sihtvälja ja klassifikaatori haru. Tõendatud alias-seose ühendamisel säilitada kõik lähteridade ID-d, võtmed ja väärtused; sõltumatuid põhjuseid ei liideta.";"Kaks sisuliselt erinevat kandidaati sobivad sama lähteraskusega. Ainult sufiksi järgi valimine ei ole lubatud; a/b ei tähenda alati kergemat/raskemat puudust.";"ToBeControlledPartGenerator.cs:479–480 tõendab V2_TBCP_11 veose kinnitamise haru. Täpset vana detailvõtit ei leitud. Sihtvariandid: CAA_10.3.2a: 10.3.2 Tagaseina ebapiisav tugevus (lubatud OV) | CAA_10.3.2b: 10.3.2 Veetava veose jaoks tagaseina ebapiisav kõrgus (lubatud VO,OV). Lähte raskus OV sobib 2 variandiga. Numbriline rada ja _1→a/_2→b jäävad hüpoteesiks; vana detailteksti vastavust ei ole tõendatud.";"Rakendada alles pärast vana detailteksti ja sihtvariandi vastavuse kinnitamist; algne raskus säilitada.";"L1 — konkreetne punktikandidaat; a/b detail vajab kinnitust";"Säilitada lähtevõti, raskus ja vormiseos loetava ajaloolise detailina. Pärast vana punkti ja detailteksti kontrolli valida üks näidatud variant; mitte luua mõlemat, valida vaikimisi a/b ega koondada üldpunktiks.";"Kui vana tekst vastab kandidaadile CAA_10.3.2a, kasutada seda; kui tekst vastab CAA_10.3.2b, kasutada teist. Mõlemal juhul severity=OV; tõendi puudumisel säilitada ajalooline detail.";"Ettepanek; ei ole praeguse ETL-i valmis väljund. legacyKey/legacyValue lisa vajab mudelit ja kasutajaliidest.";"Arendus: kontrollida vastava vana vormiversiooni täpset punkti ja detailteksti. Otsustada kirjelduste, mitte ainult numbri või raskusastme järgi. Kui tõend puudub, ajalooline detail säilib; mitte välja jätta.";"Arendus; andmeomanik kinnitab tähenduse ja kuvamise.";Pöördumatu algandmekadu ei ole tõendatud: võti ja väärtus on olemas. Ärivälja või statistika täielik vastendus on lahendamata.;Konkreetne tähendus/detail ja automaatne kasutus uues süsteemis, kui kirje vahele jäetakse või üldisemaks teisendatakse.;"Ei. Ajalooline lisa peab olema loetav, vormiga seotud ja vastuvõetud; snapshot üksi ei tõenda ülemineku valmidust.";CAA_10.3.2a: 10.3.2 Tagaseina ebapiisav tugevus (lubatud OV) | CAA_10.3.2b: 10.3.2 Veetava veose jaoks tagaseina ebapiisav kõrgus (lubatud VO,OV)
OV_V2_TBCP_11_4_2_1;1;RoadControlCard2012;vehicle_technical_form/trailer_technical_form.parts_defects;CAA_10.4.2a, CAA_10.4.2b;TECHNICAL_CHECK;"CAA_10>CAA_10.4.2a; CAA_10>CAA_10.4.2b";OV;"Ainult value='on'; vormi versioon ja alamtüüp peavad sobima; alias + EL-kood ei tohi tekitada topeltkirjet. Raskusastmed JSON-is VO/OV/EOV, mitte minor/major/dangerous; kontrollida punkti teksti ja ajaloolist versiooni. Sama kood üksi ei tõenda sama tuvastust: arvestada lähtevormi, juhi/kaasjuhi või sõiduki/haagise rolli, sihtvälja ja klassifikaatori haru. Tõendatud alias-seose ühendamisel säilitada kõik lähteridade ID-d, võtmed ja väärtused; sõltumatuid põhjuseid ei liideta.";"Kaks sisuliselt erinevat kandidaati sobivad sama lähteraskusega. Ainult sufiksi järgi valimine ei ole lubatud; a/b ei tähenda alati kergemat/raskemat puudust.";"ToBeControlledPartGenerator.cs:479–480 tõendab V2_TBCP_11 veose kinnitamise haru. Täpset vana detailvõtit ei leitud. Sihtvariandid: CAA_10.4.2a: 10.4.2 Vertikaalkaare tugevus või konstruktsioon ei ole nõuetekohane (lubatud OV) | CAA_10.4.2b: 10.4.2 Veetava veose jaoks vertikaalkaare ebapiisav kõrgus (lubatud VO,OV). Lähte raskus OV sobib 2 variandiga. Numbriline rada ja _1→a/_2→b jäävad hüpoteesiks; vana detailteksti vastavust ei ole tõendatud.";"Rakendada alles pärast vana detailteksti ja sihtvariandi vastavuse kinnitamist; algne raskus säilitada.";"L1 — konkreetne punktikandidaat; a/b detail vajab kinnitust";"Säilitada lähtevõti, raskus ja vormiseos loetava ajaloolise detailina. Pärast vana punkti ja detailteksti kontrolli valida üks näidatud variant; mitte luua mõlemat, valida vaikimisi a/b ega koondada üldpunktiks.";"Kui vana tekst vastab kandidaadile CAA_10.4.2a, kasutada seda; kui tekst vastab CAA_10.4.2b, kasutada teist. Mõlemal juhul severity=OV; tõendi puudumisel säilitada ajalooline detail.";"Ettepanek; ei ole praeguse ETL-i valmis väljund. legacyKey/legacyValue lisa vajab mudelit ja kasutajaliidest.";"Arendus: kontrollida vastava vana vormiversiooni täpset punkti ja detailteksti. Otsustada kirjelduste, mitte ainult numbri või raskusastme järgi. Kui tõend puudub, ajalooline detail säilib; mitte välja jätta.";"Arendus; andmeomanik kinnitab tähenduse ja kuvamise.";Pöördumatu algandmekadu ei ole tõendatud: võti ja väärtus on olemas. Ärivälja või statistika täielik vastendus on lahendamata.;Konkreetne tähendus/detail ja automaatne kasutus uues süsteemis, kui kirje vahele jäetakse või üldisemaks teisendatakse.;"Ei. Ajalooline lisa peab olema loetav, vormiga seotud ja vastuvõetud; snapshot üksi ei tõenda ülemineku valmidust.";CAA_10.4.2a: 10.4.2 Vertikaalkaare tugevus või konstruktsioon ei ole nõuetekohane (lubatud OV) | CAA_10.4.2b: 10.4.2 Veetava veose jaoks vertikaalkaare ebapiisav kõrgus (lubatud VO,OV)
art8_lg6b;2;Roadworthiness2012;sp_driver_form/sp_teammate_form.violations_561_2006;"PUHKEPERIOODID_08 (kategooria); praegune alamkood VSI843 vajab kasutuspiiride kontrolli";DRIVING_VIOLATION;PUHKEPERIOODID>PUHKEPERIOODID_08>VSI843;MSI;"Ainult value='on'; vormi versioon ja alamtüüp peavad sobima; alias + EL-kood ei tohi tekitada topeltkirjet. Sama kood üksi ei tõenda sama tuvastust: arvestada lähtevormi, juhi/kaasjuhi või sõiduki/haagise rolli, sihtvälja ja klassifikaatori haru. Tõendatud alias-seose ühendamisel säilitada kõik lähteridade ID-d, võtmed ja väärtused; sõltumatuid põhjuseid ei liideta.";"PUHKEPERIOODID_08 on artikli järgi kandidaat. Selle praegune alamkood VSI843 ei ole puhkeaja rikkumise ajalooline EU-kood; sama tekstikood tähendab teises puus massiületust. Paljas kood ei ole turvaline valdkondadeülene vaste.";"LJVIS2 DRIVING_VIOLATION.PUHKEPERIOODID_08: Kahele järjestikusele vähendatud iganädalasele puhkeperioodile ei järgne kompenseerimiseks võetavat puhkeperioodi; Artikli 8 lõige 6b; alamkood VSI843, sihtraskus MSI. Backup: alias esinevatest vormidest 0/2 sisaldab ka VSI843=on. Täpset lähtevõtit antud vanast lähtekoodist ei leitud; koosesinemine ei tõenda samatähenduslikkust. VSI843 puudumine EL-koodide seas ei tõenda vana alias-only vormiversiooni: mõlemal vormil on muid EL-koode. VSI843 tähendab MASS_DIMENSION ja EU_INFRINGEMENT klassifikaatorites massiületust; neid ei tohi kasutada selle puhkeaja kirje vastena. | VerySeriousInfringementClassifierGenerator.cs:55 tõendab ajaloolise VSI843 massiületuse tähendust. LJVIS2 frontend useDriveRestForm.ts filtreerib DRIVING_VIOLATION puu eraldi; lokaalne kood võib toimida ainult selle kontekstis. Üldine EL-koodi eksport või statistika ei tohi puhkeaja kirjet massiületuseks tõlgendada.";Enne standardkirje loomist kontrollida vana tähendust ja kõikide tarbijate koodikonteksti. Klassifikaatori ümbernimetamist ega uut EU-koodi siin ei rakendata.;"L1/L2 — artiklikandidaat; sihtkoodi valdkondadevaheline konflikt";"Kinnitada vana võtme tähendus. Arendus kontrollib kogu lugemise, ekspordi, statistika ja riskiskoori ahelas klassifikaatori/sihtvälja konteksti. Kui kontekst säilib, võib praegune DRIVING_VIOLATION alamkood toimida sisemise tunnusena; muidu parandada kood ja selle viited kooskõlastatult. Kuni kontroll puudub, säilitada loetav ajalooline detail; mitte eksportida puhkeaega EU_INFRINGEMENT.VSI843-na.";"{""legacyKey"": ""art8_lg6b"", ""legacyValue"": ""on"", ""mappingStatus"": ""vajab tähenduse ja sihtkoodi konteksti kontrolli""}";"Ettepanek; ei ole praeguse ETL-i valmis väljund. legacyKey/legacyValue lisa vajab mudelit ja kasutajaliidest.";Arendus: kas sihtvälja/klassifikaatori kontekst säilib kõigis tarbijates või tuleb puhkeaja alamkood muuta? Kinnitada vana checkbox’i tähendus ja ajaloolise raskusastme poliitika. VSI843-ga massiületuse kirjet ei ühendata.;"Arendus; andmeomanik kinnitab tähenduse ja kuvamise.";Pöördumatu algandmekadu ei ole tõendatud: võti ja väärtus on olemas. Ärivälja või statistika täielik vastendus on lahendamata.;Konkreetne tähendus/detail ja automaatne kasutus uues süsteemis, kui kirje vahele jäetakse või üldisemaks teisendatakse.;"Ei. Ajalooline lisa peab olema loetav, vormiga seotud ja vastuvõetud; snapshot üksi ei tõenda ülemineku valmidust.";Kahele järjestikusele vähendatud iganädalasele puhkeperioodile ei järgne kompenseerimiseks võetavat puhkeperioodi
EOV_V2_TBCP_20_6_2_2;1;RoadControlCard2012;vehicle_technical_form/trailer_technical_form.parts_defects;CAA_10.20.6.2b;TECHNICAL_CHECK;CAA_10>CAA_10.20.6.2b;EOV;"Ainult value='on'; vormi versioon ja alamtüüp peavad sobima; alias + EL-kood ei tohi tekitada topeltkirjet. Raskusastmed JSON-is VO/OV/EOV, mitte minor/major/dangerous; kontrollida punkti teksti ja ajaloolist versiooni. Sama kood üksi ei tõenda sama tuvastust: arvestada lähtevormi, juhi/kaasjuhi või sõiduki/haagise rolli, sihtvälja ja klassifikaatori haru. Tõendatud alias-seose ühendamisel säilitada kõik lähteridade ID-d, võtmed ja väärtused; sõltumatuid põhjuseid ei liideta.";Pakutud punktipaari piires välistab EOV variandi a ja jätab b. See kitsendab valikut, kuid ei tõenda vana punkti semantilist vastavust ega üldist sufiksireeglit.;"ToBeControlledPartGenerator.cs:479–480 tõendab V2_TBCP_11 veose kinnitamise haru. Täpset vana detailvõtit ei leitud. Sihtvariandid: CAA_10.20.6.2a: 20.6.2 Ümarpuidu laadungiüksuse kinnitusjõud ei ole piisav (lubatud OV) | CAA_10.20.6.2b: 20.6.2 Laadungiüksuse kinnitusjõud on alla 2/3 nõutavast jõust (lubatud OV,EOV). Lähte raskus EOV sobib 1 variandiga. Numbriline rada ja _1→a/_2→b jäävad hüpoteesiks; vana detailteksti vastavust ei ole tõendatud.";"Rakendada alles pärast vana detailteksti ja sihtvariandi vastavuse kinnitamist; algne raskus säilitada.";"L1 — konkreetne kandidaat; vana detaili tähendus vajab kinnitust";Pärast vana detailpunkti tähenduse kinnitamist kasutada CAA_10.20.6.2b, severity=EOV. Enne kinnitust säilitada ajalooline detail. Ainult EOV sobivusest ei piisa kinnitatud vastenduseks.;"{""partCode"": ""CAA_10"", ""defectCode"": ""CAA_10.20.6.2b"", ""severity"": ""EOV""}";"Ettepanek; ei ole praeguse ETL-i valmis väljund. legacyKey/legacyValue lisa vajab mudelit ja kasutajaliidest.";"Arendus: kontrollida vastava vana vormiversiooni täpset punkti ja detailteksti. Otsustada kirjelduste, mitte ainult numbri või raskusastme järgi. Kui tõend puudub, ajalooline detail säilib; mitte välja jätta.";"Arendus; andmeomanik kinnitab tähenduse ja kuvamise.";Pöördumatu algandmekadu ei ole tõendatud: võti ja väärtus on olemas. Ärivälja või statistika täielik vastendus on lahendamata.;Konkreetne tähendus/detail ja automaatne kasutus uues süsteemis, kui kirje vahele jäetakse või üldisemaks teisendatakse.;"Ei. Ajalooline lisa peab olema loetav, vormiga seotud ja vastuvõetud; snapshot üksi ei tõenda ülemineku valmidust.";CAA_10.20.6.2a: 20.6.2 Ümarpuidu laadungiüksuse kinnitusjõud ei ole piisav (lubatud OV) | CAA_10.20.6.2b: 20.6.2 Laadungiüksuse kinnitusjõud on alla 2/3 nõutavast jõust (lubatud OV,EOV)
OV_V2_TBCP_20_1_1_2_1;1;RoadControlCard2012;vehicle_technical_form/trailer_technical_form.parts_defects;CAA_10.20.1.1.2a, CAA_10.20.1.1.2b;TECHNICAL_CHECK;"CAA_10>CAA_10.20.1.1.2a; CAA_10>CAA_10.20.1.1.2b";OV;"Ainult value='on'; vormi versioon ja alamtüüp peavad sobima; alias + EL-kood ei tohi tekitada topeltkirjet. Raskusastmed JSON-is VO/OV/EOV, mitte minor/major/dangerous; kontrollida punkti teksti ja ajaloolist versiooni. Sama kood üksi ei tõenda sama tuvastust: arvestada lähtevormi, juhi/kaasjuhi või sõiduki/haagise rolli, sihtvälja ja klassifikaatori haru. Tõendatud alias-seose ühendamisel säilitada kõik lähteridade ID-d, võtmed ja väärtused; sõltumatuid põhjuseid ei liideta.";"Kaks sisuliselt erinevat kandidaati sobivad sama lähteraskusega. Ainult sufiksi järgi valimine ei ole lubatud; a/b ei tähenda alati kergemat/raskemat puudust.";"ToBeControlledPartGenerator.cs:479–480 tõendab V2_TBCP_11 veose kinnitamise haru. Täpset vana detailvõtit ei leitud. Sihtvariandid: CAA_10.20.1.1.2a: 20.1.1.2 Külgsuunaline kaugus külgseinani liiga suur, kui seina kasutatakse veose otseseks kinnitamiseks (lubatud OV) | CAA_10.20.1.1.2b: 20.1.1.2 Külgsuunaline kaugus üle 15 cm ja esineb seina läbistamise oht (lubatud OV,EOV). Lähte raskus OV sobib 2 variandiga. Numbriline rada ja _1→a/_2→b jäävad hüpoteesiks; vana detailteksti vastavust ei ole tõendatud.";"Rakendada alles pärast vana detailteksti ja sihtvariandi vastavuse kinnitamist; algne raskus säilitada.";"L1 — konkreetne punktikandidaat; a/b detail vajab kinnitust";"Säilitada lähtevõti, raskus ja vormiseos loetava ajaloolise detailina. Pärast vana punkti ja detailteksti kontrolli valida üks näidatud variant; mitte luua mõlemat, valida vaikimisi a/b ega koondada üldpunktiks.";"Kui vana tekst vastab kandidaadile CAA_10.20.1.1.2a, kasutada seda; kui tekst vastab CAA_10.20.1.1.2b, kasutada teist. Mõlemal juhul severity=OV; tõendi puudumisel säilitada ajalooline detail.";"Ettepanek; ei ole praeguse ETL-i valmis väljund. legacyKey/legacyValue lisa vajab mudelit ja kasutajaliidest.";"Arendus: kontrollida vastava vana vormiversiooni täpset punkti ja detailteksti. Otsustada kirjelduste, mitte ainult numbri või raskusastme järgi. Kui tõend puudub, ajalooline detail säilib; mitte välja jätta.";"Arendus; andmeomanik kinnitab tähenduse ja kuvamise.";Pöördumatu algandmekadu ei ole tõendatud: võti ja väärtus on olemas. Ärivälja või statistika täielik vastendus on lahendamata.;Konkreetne tähendus/detail ja automaatne kasutus uues süsteemis, kui kirje vahele jäetakse või üldisemaks teisendatakse.;"Ei. Ajalooline lisa peab olema loetav, vormiga seotud ja vastuvõetud; snapshot üksi ei tõenda ülemineku valmidust.";CAA_10.20.1.1.2a: 20.1.1.2 Külgsuunaline kaugus külgseinani liiga suur, kui seina kasutatakse veose otseseks kinnitamiseks (lubatud OV) | CAA_10.20.1.1.2b: 20.1.1.2 Külgsuunaline kaugus üle 15 cm ja esineb seina läbistamise oht (lubatud OV,EOV)
OV_V2_TBCP_20_1_2_1_2;1;RoadControlCard2012;vehicle_technical_form/trailer_technical_form.parts_defects;CAA_10.20.1.2.1a, CAA_10.20.1.2.1b;TECHNICAL_CHECK;"CAA_10>CAA_10.20.1.2.1a; CAA_10>CAA_10.20.1.2.1b";OV;"Ainult value='on'; vormi versioon ja alamtüüp peavad sobima; alias + EL-kood ei tohi tekitada topeltkirjet. Raskusastmed JSON-is VO/OV/EOV, mitte minor/major/dangerous; kontrollida punkti teksti ja ajaloolist versiooni. Sama kood üksi ei tõenda sama tuvastust: arvestada lähtevormi, juhi/kaasjuhi või sõiduki/haagise rolli, sihtvälja ja klassifikaatori haru. Tõendatud alias-seose ühendamisel säilitada kõik lähteridade ID-d, võtmed ja väärtused; sõltumatuid põhjuseid ei liideta.";"Kaks sisuliselt erinevat kandidaati sobivad sama lähteraskusega. Ainult sufiksi järgi valimine ei ole lubatud; a/b ei tähenda alati kergemat/raskemat puudust.";"ToBeControlledPartGenerator.cs:479–480 tõendab V2_TBCP_11 veose kinnitamise haru. Täpset vana detailvõtit ei leitud. Sihtvariandid: CAA_10.20.1.2.1a: 20.1.2.1 Kinnitusvahendid ei ole sõiduki külge nõuetekohaselt kinnitatud, ebapiisav kinnitus (lubatud VO,OV) | CAA_10.20.1.2.1b: 20.1.2.1 Kinnitusvahendid ei pea kinnitusjõule vastu, on lahti (lubatud OV,EOV). Lähte raskus OV sobib 2 variandiga. Numbriline rada ja _1→a/_2→b jäävad hüpoteesiks; vana detailteksti vastavust ei ole tõendatud.";"Rakendada alles pärast vana detailteksti ja sihtvariandi vastavuse kinnitamist; algne raskus säilitada.";"L1 — konkreetne punktikandidaat; a/b detail vajab kinnitust";"Säilitada lähtevõti, raskus ja vormiseos loetava ajaloolise detailina. Pärast vana punkti ja detailteksti kontrolli valida üks näidatud variant; mitte luua mõlemat, valida vaikimisi a/b ega koondada üldpunktiks.";"Kui vana tekst vastab kandidaadile CAA_10.20.1.2.1a, kasutada seda; kui tekst vastab CAA_10.20.1.2.1b, kasutada teist. Mõlemal juhul severity=OV; tõendi puudumisel säilitada ajalooline detail.";"Ettepanek; ei ole praeguse ETL-i valmis väljund. legacyKey/legacyValue lisa vajab mudelit ja kasutajaliidest.";"Arendus: kontrollida vastava vana vormiversiooni täpset punkti ja detailteksti. Otsustada kirjelduste, mitte ainult numbri või raskusastme järgi. Kui tõend puudub, ajalooline detail säilib; mitte välja jätta.";"Arendus; andmeomanik kinnitab tähenduse ja kuvamise.";Pöördumatu algandmekadu ei ole tõendatud: võti ja väärtus on olemas. Ärivälja või statistika täielik vastendus on lahendamata.;Konkreetne tähendus/detail ja automaatne kasutus uues süsteemis, kui kirje vahele jäetakse või üldisemaks teisendatakse.;"Ei. Ajalooline lisa peab olema loetav, vormiga seotud ja vastuvõetud; snapshot üksi ei tõenda ülemineku valmidust.";CAA_10.20.1.2.1a: 20.1.2.1 Kinnitusvahendid ei ole sõiduki külge nõuetekohaselt kinnitatud, ebapiisav kinnitus (lubatud VO,OV) | CAA_10.20.1.2.1b: 20.1.2.1 Kinnitusvahendid ei pea kinnitusjõule vastu, on lahti (lubatud OV,EOV)
OV_V2_TBCP_20_1_5_1_1;1;RoadControlCard2012;vehicle_technical_form/trailer_technical_form.parts_defects;CAA_10.20.1.5.1a, CAA_10.20.1.5.1b;TECHNICAL_CHECK;"CAA_10>CAA_10.20.1.5.1a; CAA_10>CAA_10.20.1.5.1b";OV;"Ainult value='on'; vormi versioon ja alamtüüp peavad sobima; alias + EL-kood ei tohi tekitada topeltkirjet. Raskusastmed JSON-is VO/OV/EOV, mitte minor/major/dangerous; kontrollida punkti teksti ja ajaloolist versiooni. Sama kood üksi ei tõenda sama tuvastust: arvestada lähtevormi, juhi/kaasjuhi või sõiduki/haagise rolli, sihtvälja ja klassifikaatori haru. Tõendatud alias-seose ühendamisel säilitada kõik lähteridade ID-d, võtmed ja väärtused; sõltumatuid põhjuseid ei liideta.";"Kaks sisuliselt erinevat kandidaati sobivad sama lähteraskusega. Ainult sufiksi järgi valimine ei ole lubatud; a/b ei tähenda alati kergemat/raskemat puudust.";"ToBeControlledPartGenerator.cs:479–480 tõendab V2_TBCP_11 veose kinnitamise haru. Täpset vana detailvõtit ei leitud. Sihtvariandid: CAA_10.20.1.5.1a: 20.1.5.1 Otsese kinnituse (horisontaal-, põiki-, diagonaal-, silmus- ja elastne kinnitus) nõutav kinnitusjõud ei ole piisav (lubatud OV) | CAA_10.20.1.5.1b: 20.1.5.1 Nõutav kinnitusjõud on alla 2/3 nõutavast jõust (lubatud OV,EOV). Lähte raskus OV sobib 2 variandiga. Numbriline rada ja _1→a/_2→b jäävad hüpoteesiks; vana detailteksti vastavust ei ole tõendatud.";"Rakendada alles pärast vana detailteksti ja sihtvariandi vastavuse kinnitamist; algne raskus säilitada.";"L1 — konkreetne punktikandidaat; a/b detail vajab kinnitust";"Säilitada lähtevõti, raskus ja vormiseos loetava ajaloolise detailina. Pärast vana punkti ja detailteksti kontrolli valida üks näidatud variant; mitte luua mõlemat, valida vaikimisi a/b ega koondada üldpunktiks.";"Kui vana tekst vastab kandidaadile CAA_10.20.1.5.1a, kasutada seda; kui tekst vastab CAA_10.20.1.5.1b, kasutada teist. Mõlemal juhul severity=OV; tõendi puudumisel säilitada ajalooline detail.";"Ettepanek; ei ole praeguse ETL-i valmis väljund. legacyKey/legacyValue lisa vajab mudelit ja kasutajaliidest.";"Arendus: kontrollida vastava vana vormiversiooni täpset punkti ja detailteksti. Otsustada kirjelduste, mitte ainult numbri või raskusastme järgi. Kui tõend puudub, ajalooline detail säilib; mitte välja jätta.";"Arendus; andmeomanik kinnitab tähenduse ja kuvamise.";Pöördumatu algandmekadu ei ole tõendatud: võti ja väärtus on olemas. Ärivälja või statistika täielik vastendus on lahendamata.;Konkreetne tähendus/detail ja automaatne kasutus uues süsteemis, kui kirje vahele jäetakse või üldisemaks teisendatakse.;"Ei. Ajalooline lisa peab olema loetav, vormiga seotud ja vastuvõetud; snapshot üksi ei tõenda ülemineku valmidust.";CAA_10.20.1.5.1a: 20.1.5.1 Otsese kinnituse (horisontaal-, põiki-, diagonaal-, silmus- ja elastne kinnitus) nõutav kinnitusjõud ei ole piisav (lubatud OV) | CAA_10.20.1.5.1b: 20.1.5.1 Nõutav kinnitusjõud on alla 2/3 nõutavast jõust (lubatud OV,EOV)
rooma_mI;1;Roadworthiness2012;sp_driver_form/sp_teammate_form.violations_593_2008;VSI874;DRIVING_VIOLATION;ROOMA_I>ROOMA_I_01>VSI874;VSI;"Ainult value='on'; vormi versioon ja alamtüüp peavad sobima; alias + EL-kood ei tohi tekitada topeltkirjet. Sama kood üksi ei tõenda sama tuvastust: arvestada lähtevormi, juhi/kaasjuhi või sõiduki/haagise rolli, sihtvälja ja klassifikaatori haru. Tõendatud alias-seose ühendamisel säilitada kõik lähteridade ID-d, võtmed ja väärtused; sõltumatuid põhjuseid ei liideta.";"Konkreetne kandidaat on olemas; nimetuse/artikli ja koosesinemise põhjal pakutud, mitte vana malli järgi tõendatud.";"LJVIS2 DRIVING_VIOLATION.ROOMA_I_01: Lepinguliste võlasuhete suhtes kohaldatava õiguse rikkumine; Rooma I määrus; alamkood VSI874, sihtraskus VSI. Backup: alias esinevatest vormidest 1/1 sisaldab ka VSI874=on. Täpset lähtevõtit antud vanast lähtekoodist ei leitud; koosesinemine ei tõenda samatähenduslikkust. Ühel vormil koos esinemine ei tõenda, et VSI874 oleks ainult selle aliase paar.";"Pärast tähenduse kinnitamist rakendada konkreetne kandidaat ja kontrollida päritolu ning deduplikatsiooni; praegu on see lahendusettepanek.";"L1 — konkreetne kandidaat; vana tähendus vajab kinnitust";"Pärast lähte tähenduse kinnitamist salvestada VSI874 väljale violations_593_2008. Kui sama tuvastus on juba EL-koodist loodud, siduda mõlemad lähtevõtmed sama kirjega. Enne kinnitamist säilitada algväärtus loetava ajaloolise lisana; kandidaati ei loeta automaatselt kinnitatud rikkumiseks.";"{""violationCode"": ""VSI874"", ""severityCode"": ""VSI"", ""isDetected"": ""true""}";"Ettepanek; ei ole praeguse ETL-i valmis väljund. legacyKey/legacyValue lisa vajab mudelit ja kasutajaliidest.";"Arendus: kinnitada vana malli/printvormi tähendus ja sama tuvastuse alias-seos; kontrollida ajaloolise raskusastme poliitikat. Puuduv tõend ei anna luba rida välja jätta.";"Arendus; andmeomanik kinnitab tähenduse ja kuvamise.";Pöördumatu algandmekadu ei ole tõendatud: võti ja väärtus on olemas. Ärivälja või statistika täielik vastendus on lahendamata.;Konkreetne tähendus/detail ja automaatne kasutus uues süsteemis, kui kirje vahele jäetakse või üldisemaks teisendatakse.;"Ei. Ajalooline lisa peab olema loetav, vormiga seotud ja vastuvõetud; snapshot üksi ei tõenda ülemineku valmidust.";Lepinguliste võlasuhete suhtes kohaldatava õiguse rikkumine
