vana_võti;EAV_väärtuste_arv;vana_vormi_tüüp;sihtväli_või_kandidaat;sihtkood_või_kandidaadid;sihtklassifikaator;sihtpuu;siht_raskusaste;tingimus;järeldus;tõendid;otsus_või_järgmine_samm
art34_lg5_part2_3;16;Roadworthiness2012;sp_driver_form/sp_teammate_form.violations_165_2014;VSI828;DRIVING_VIOLATION;SOIDUMEERIKUD>SOIDUMEERIKUD_18>VSI828;MSI;"Ainult value='on'; vormi versioon ja alamtüüp peavad sobima; alias + EL-kood ei tohi tekitada topeltkirjet. Sama kood üksi ei tõenda sama tuvastust: arvestada lähtevormi, juhi/kaasjuhi või sõiduki/haagise rolli, sihtvälja ja klassifikaatori haru. Tõendatud alias-seose ühendamisel säilitada kõik lähteridade ID-d, võtmed ja väärtused; sõltumatuid põhjuseid ei liideta. Korduvad on-read ei anna luba lähteridu kustutada; koodi vaste ei tõenda korduste põhjust.";"Vana koodi ja sihtkirje vastavus kontrollitud; ETL-i rakendamine on eraldi töö. Varasema CSV raskusaste parandatud sihtklassifikaatori järgi.";"Ljvis/App_Data/breaches/breaches_165_2014.json (fail nimetab maaruse) | Ljvis/Areas/Forms/Views/Form/UnitedPartials/Roadworthiness/InfringementTable/_Version2016.ascx:739 tabeli pais: 2. Euroopa Parlamendi ja nõukogu määruse (EL) nr 165/2014 rikkumised k | Ljvis/Areas/Forms/Views/Form/UnitedPartials/Roadworthiness/InfringementTable/_Version2017.ascx:834 tabeli pais: 2. Euroopa Parlamendi ja nõukogu määruse (EL) nr 165/2014 rikkumiste k | Ljvis/Areas/Forms/Views/Form/UnitedPartials/Roadworthiness2012_old.ascx:911 tabeli pais: 2. Euroopa Parlamendi ja nõukogu määruse (EL) nr 165/2014 rikkumised k | Ljvis/Areas/Forms/Views/Form/UnitedPartials/Roadworthiness/InfringementTable/_Version2017.ascx:834 name=""art34_lg5_part2_3"" vsi=""VSI828"" | LJVIS2: DRIVING_VIOLATION.VSI828 (SOIDUMEERIKUD > SOIDUMEERIKUD_18 > VSI828); Kontroll 26.09.2026: DRIVING_VIOLATION.VSI828, puu=SOIDUMEERIKUD>SOIDUMEERIKUD_18>VSI828, sihtraskus=MSI | Raund 3: mallist automaatselt leitud art34_lg5_part2_3→VSI828 kontrolliti sõltumatu input-atribuutide lugemisega. 77 eligible-vormi seas alias 4 vormil, vastav EL-kood 1/4 vormil, aliasel 16 EAV-rida. See kinnitab allika alias-seost, mitte puuduva sihtvälja olemasolu ega uute võtmete tähendust.";"VSI828 vastendus on vana atribuudi järgi kinnitatud. Nelja vormi 16 lähterida säilitada täieliku päritoluga; kolmel vormil EL-kood puudub, mistõttu aliasest tuleb tuvastus taastada. Korduste arvu ei tõlgendata automaatselt rikkumiste arvuna; korduste põhjuse ja ajaloolise versiooni kontroll on eraldi vastuvõtutingimus."
art6_lg1_part1_1;11;Roadworthiness2012;sp_driver_form/sp_teammate_form.violations_561_2006;MI;DRIVING_VIOLATION;SOIDUAJAD>SOIDUAJAD_01>MI;MI;"Ainult value='on'; vormi versioon ja alamtüüp peavad sobima; alias + EL-kood ei tohi tekitada topeltkirjet. Sama kood üksi ei tõenda sama tuvastust: arvestada lähtevormi, juhi/kaasjuhi või sõiduki/haagise rolli, sihtvälja ja klassifikaatori haru. Tõendatud alias-seose ühendamisel säilitada kõik lähteridade ID-d, võtmed ja väärtused; sõltumatuid põhjuseid ei liideta.";"Vana koodi ja sihtkirje vastavus kontrollitud; ETL-i rakendamine on eraldi töö.";"Ljvis/App_Data/breaches/breaches_561_2006.json (fail nimetab maaruse) | Ljvis/Areas/Forms/Views/Form/UnitedPartials/Roadworthiness/InfringementTable/_Version2015.ascx:45 tabeli pais: 1. Euroopa Parlamendi ja nõukogu määruse (EÜ) nr 561/2006 rikkumiste k | Ljvis/Areas/Forms/Views/Form/UnitedPartials/Roadworthiness/InfringementTable/_Version2016.ascx:45 tabeli pais: 1. Euroopa Parlamendi ja nõukogu määruse (EÜ) nr 561/2006 rikkumised k | Ljvis/Areas/Forms/Views/Form/UnitedPartials/Roadworthiness/InfringementTable/_Version2017.ascx:45 tabeli pais: 1. Euroopa Parlamendi ja nõukogu määruse (EÜ) nr 561/2006 rikkumised k | Ljvis/Areas/Forms/Views/Form/UnitedPartials/Roadworthiness2012_old.ascx:217 tabeli pais: 1. Euroopa Parlamendi ja nõukogu määruse (EÜ) nr 561/2006 rikkumised k | Ljvis/Areas/Forms/Views/Form/UnitedPartials/Roadworthiness2012_old.ascx:1231 tabeli pais: 1. Euroopa Parlamendi ja nõukogu määruse (EÜ) nr 561/2006 rikkumiste k | Ljvis/Areas/Forms/Views/Form/UnitedPartials/Roadworthiness/InfringementTable/_Version2015.ascx:45 alus=""Artikli 6 lõige 1"" tekst kattub taielikult | vahemik ""9h < ... < 10h"" -> LJVIS2 MI; Kontroll 26.09.2026: DRIVING_VIOLATION.MI, puu=SOIDUAJAD>SOIDUAJAD_01>MI, sihtraskus=MI";"Rakendada ja kontrollida ETL-is; see tabel ei tõenda juba tehtud ülekannet."
art6_lg1_part2_1;9;Roadworthiness2012;sp_driver_form/sp_teammate_form.violations_561_2006;SOIDUAJAD_03_MI;DRIVING_VIOLATION;SOIDUAJAD>SOIDUAJAD_03>SOIDUAJAD_03_MI;MI;"Ainult value='on'; vormi versioon ja alamtüüp peavad sobima; alias + EL-kood ei tohi tekitada topeltkirjet. Sama kood üksi ei tõenda sama tuvastust: arvestada lähtevormi, juhi/kaasjuhi või sõiduki/haagise rolli, sihtvälja ja klassifikaatori haru. Tõendatud alias-seose ühendamisel säilitada kõik lähteridade ID-d, võtmed ja väärtused; sõltumatuid põhjuseid ei liideta.";"Vana koodi ja sihtkirje vastavus kontrollitud; ETL-i rakendamine on eraldi töö.";"Ljvis/App_Data/breaches/breaches_561_2006.json (fail nimetab maaruse) | Ljvis/Areas/Forms/Views/Form/UnitedPartials/Roadworthiness/InfringementTable/_Version2015.ascx:74 tabeli pais: 1. Euroopa Parlamendi ja nõukogu määruse (EÜ) nr 561/2006 rikkumiste k | Ljvis/Areas/Forms/Views/Form/UnitedPartials/Roadworthiness/InfringementTable/_Version2016.ascx:74 tabeli pais: 1. Euroopa Parlamendi ja nõukogu määruse (EÜ) nr 561/2006 rikkumised k | Ljvis/Areas/Forms/Views/Form/UnitedPartials/Roadworthiness/InfringementTable/_Version2017.ascx:87 tabeli pais: 1. Euroopa Parlamendi ja nõukogu määruse (EÜ) nr 561/2006 rikkumised k | Ljvis/Areas/Forms/Views/Form/UnitedPartials/Roadworthiness2012_old.ascx:246 tabeli pais: 1. Euroopa Parlamendi ja nõukogu määruse (EÜ) nr 561/2006 rikkumised k | Ljvis/Areas/Forms/Views/Form/UnitedPartials/Roadworthiness2012_old.ascx:1260 tabeli pais: 1. Euroopa Parlamendi ja nõukogu määruse (EÜ) nr 561/2006 rikkumiste k | Ljvis/Areas/Forms/Views/Form/UnitedPartials/Roadworthiness/InfringementTable/_Version2017.ascx:87 alus=""Artikli 6 lõige 1"" tekst kattub taielikult | vahemik ""10h < ... < 11h"" -> LJVIS2 SOIDUAJAD_03_MI; Kontroll 26.09.2026: DRIVING_VIOLATION.SOIDUAJAD_03_MI, puu=SOIDUAJAD>SOIDUAJAD_03>SOIDUAJAD_03_MI, sihtraskus=MI";"Rakendada ja kontrollida ETL-is; see tabel ei tõenda juba tehtud ülekannet."
SI952;4;Roadworthiness2012;sp_driver_form/sp_teammate_form.violations_2020_1057;SI952;DRIVING_VIOLATION;LAHETAMINE>LAHETAMINE_07>SI952;SI;"Ainult value='on'; vormi versioon ja alamtüüp peavad sobima; alias + EL-kood ei tohi tekitada topeltkirjet. Sama kood üksi ei tõenda sama tuvastust: arvestada lähtevormi, juhi/kaasjuhi või sõiduki/haagise rolli, sihtvälja ja klassifikaatori haru. Tõendatud alias-seose ühendamisel säilitada kõik lähteridade ID-d, võtmed ja väärtused; sõltumatuid põhjuseid ei liideta.";"Vana koodi ja sihtkirje vastavus kontrollitud; ETL-i rakendamine on eraldi töö.";"LJVIS2 classifier_value: DRIVING_VIOLATION.SI952 (LAHETAMINE > LAHETAMINE_07 > SI952) | LJVIS2 LAHETAMINE.description = 'Direktiiv (EL) 2020/1057'; Kontroll 26.09.2026: DRIVING_VIOLATION.SI952, puu=LAHETAMINE>LAHETAMINE_07>SI952, sihtraskus=SI";"Rakendada ja kontrollida ETL-is; see tabel ei tõenda juba tehtud ülekannet."
MSI102;3;Roadworthiness2012;sp_driver_form/sp_teammate_form.violations_561_2006;MSI102;DRIVING_VIOLATION;SOIDUAJAD>SOIDUAJAD_02>MSI102;MSI;"Ainult value='on'; vormi versioon ja alamtüüp peavad sobima; alias + EL-kood ei tohi tekitada topeltkirjet. Sama kood üksi ei tõenda sama tuvastust: arvestada lähtevormi, juhi/kaasjuhi või sõiduki/haagise rolli, sihtvälja ja klassifikaatori haru. Tõendatud alias-seose ühendamisel säilitada kõik lähteridade ID-d, võtmed ja väärtused; sõltumatuid põhjuseid ei liideta.";"Vana koodi ja sihtkirje vastavus kontrollitud; ETL-i rakendamine on eraldi töö.";"LJVIS2 classifier_value: DRIVING_VIOLATION.MSI102 (SOIDUAJAD > SOIDUAJAD_02 > MSI102) | LJVIS2 SOIDUAJAD.description = 'Euroopa Parlamendi ja nõukogu määrus (EÜ) nr 561/2006' | Ljvis.Domain/Generators/JobInspectionV2ViolationClassifierGenerator.cs:15 JobInspectionV2ViolationClassifierGenerator Name=SOIDUAEG__561_6_1_B4; Kontroll 26.09.2026: DRIVING_VIOLATION.MSI102, puu=SOIDUAJAD>SOIDUAJAD_02>MSI102, sihtraskus=MSI";"Rakendada ja kontrollida ETL-is; see tabel ei tõenda juba tehtud ülekannet."
SI901;3;Roadworthiness2012;sp_driver_form/sp_teammate_form.violations_561_2006;SI901;DRIVING_VIOLATION;SOIDUAJAD>SOIDUAJAD_01>SI901;SI;"Ainult value='on'; vormi versioon ja alamtüüp peavad sobima; alias + EL-kood ei tohi tekitada topeltkirjet. Sama kood üksi ei tõenda sama tuvastust: arvestada lähtevormi, juhi/kaasjuhi või sõiduki/haagise rolli, sihtvälja ja klassifikaatori haru. Tõendatud alias-seose ühendamisel säilitada kõik lähteridade ID-d, võtmed ja väärtused; sõltumatuid põhjuseid ei liideta.";"Vana koodi ja sihtkirje vastavus kontrollitud; ETL-i rakendamine on eraldi töö.";"LJVIS2 classifier_value: DRIVING_VIOLATION.SI901 (SOIDUAJAD > SOIDUAJAD_01 > SI901) | LJVIS2 SOIDUAJAD.description = 'Euroopa Parlamendi ja nõukogu määrus (EÜ) nr 561/2006' | Ljvis.Domain/Generators/JobInspectionV2ViolationClassifierGenerator.cs:13 JobInspectionV2ViolationClassifierGenerator Name=SOIDUAEG__561_6_1_B1_B2_B3; Kontroll 26.09.2026: DRIVING_VIOLATION.SI901, puu=SOIDUAJAD>SOIDUAJAD_01>SI901, sihtraskus=SI";"Rakendada ja kontrollida ETL-is; see tabel ei tõenda juba tehtud ülekannet."
VSI804;3;Roadworthiness2012;sp_driver_form/sp_teammate_form.violations_561_2006;VSI804;DRIVING_VIOLATION;VAHEAJAD_561>VAHEAJAD_561_01>VSI804;VSI;"Ainult value='on'; vormi versioon ja alamtüüp peavad sobima; alias + EL-kood ei tohi tekitada topeltkirjet. Sama kood üksi ei tõenda sama tuvastust: arvestada lähtevormi, juhi/kaasjuhi või sõiduki/haagise rolli, sihtvälja ja klassifikaatori haru. Tõendatud alias-seose ühendamisel säilitada kõik lähteridade ID-d, võtmed ja väärtused; sõltumatuid põhjuseid ei liideta.";"Vana koodi ja sihtkirje vastavus kontrollitud; ETL-i rakendamine on eraldi töö.";"LJVIS2 classifier_value: DRIVING_VIOLATION.VSI804 (VAHEAJAD_561 > VAHEAJAD_561_01 > VSI804) | LJVIS2 VAHEAJAD_561.description = 'Euroopa Parlamendi ja nõukogu määrus (EÜ) nr 561/2006' | Ljvis.Domain/Generators/JobInspectionV2ViolationClassifierGenerator.cs:30 JobInspectionV2ViolationClassifierGenerator Name=VAHEAEG_1__561_2006_ART_7_C1_C2_C3; Kontroll 26.09.2026: DRIVING_VIOLATION.VSI804, puu=VAHEAJAD_561>VAHEAJAD_561_01>VSI804, sihtraskus=VSI";"Rakendada ja kontrollida ETL-is; see tabel ei tõenda juba tehtud ülekannet."
VSI819;3;Roadworthiness2012;sp_driver_form/sp_teammate_form.violations_165_2014;VSI819;DRIVING_VIOLATION;SOIDUMEERIKUD>SOIDUMEERIKUD_06>VSI819;MSI;"Ainult value='on'; vormi versioon ja alamtüüp peavad sobima; alias + EL-kood ei tohi tekitada topeltkirjet. Sama kood üksi ei tõenda sama tuvastust: arvestada lähtevormi, juhi/kaasjuhi või sõiduki/haagise rolli, sihtvälja ja klassifikaatori haru. Tõendatud alias-seose ühendamisel säilitada kõik lähteridade ID-d, võtmed ja väärtused; sõltumatuid põhjuseid ei liideta.";"Vana koodi ja sihtkirje vastavus kontrollitud; ETL-i rakendamine on eraldi töö.";"LJVIS2 classifier_value: DRIVING_VIOLATION.VSI819 (SOIDUMEERIKUD > SOIDUMEERIKUD_06 > VSI819) | LJVIS2 SOIDUMEERIKUD.description = 'Euroopa Parlamendi ja nõukogu määrus (EL) nr 165/2014' | Ljvis.Domain/Generators/JobInspectionV2ViolationClassifierGenerator.cs:65 JobInspectionV2ViolationClassifierGenerator Name=SOIDUMEERIK__165_2014_ART_32_1_H6; Kontroll 26.09.2026: DRIVING_VIOLATION.VSI819, puu=SOIDUMEERIKUD>SOIDUMEERIKUD_06>VSI819, sihtraskus=MSI";"Rakendada ja kontrollida ETL-is; see tabel ei tõenda juba tehtud ülekannet."
VSI875;3;Roadworthiness2012;sp_driver_form/sp_teammate_form.violations_2020_1057;VSI875;DRIVING_VIOLATION;LAHETAMINE>LAHETAMINE_02>VSI875;VSI;"Ainult value='on'; vormi versioon ja alamtüüp peavad sobima; alias + EL-kood ei tohi tekitada topeltkirjet. Sama kood üksi ei tõenda sama tuvastust: arvestada lähtevormi, juhi/kaasjuhi või sõiduki/haagise rolli, sihtvälja ja klassifikaatori haru. Tõendatud alias-seose ühendamisel säilitada kõik lähteridade ID-d, võtmed ja väärtused; sõltumatuid põhjuseid ei liideta.";"Vana koodi ja sihtkirje vastavus kontrollitud; ETL-i rakendamine on eraldi töö.";"LJVIS2 classifier_value: DRIVING_VIOLATION.VSI875 (LAHETAMINE > LAHETAMINE_02 > VSI875) | LJVIS2 LAHETAMINE.description = 'Direktiiv (EL) 2020/1057'; Kontroll 26.09.2026: DRIVING_VIOLATION.VSI875, puu=LAHETAMINE>LAHETAMINE_02>VSI875, sihtraskus=VSI";"Rakendada ja kontrollida ETL-is; see tabel ei tõenda juba tehtud ülekannet."
art32_lg1_3;3;Roadworthiness2012;sp_driver_form/sp_teammate_form.violations_165_2014;VSI819;DRIVING_VIOLATION;SOIDUMEERIKUD>SOIDUMEERIKUD_06>VSI819;MSI;"Ainult value='on'; vormi versioon ja alamtüüp peavad sobima; alias + EL-kood ei tohi tekitada topeltkirjet. Sama kood üksi ei tõenda sama tuvastust: arvestada lähtevormi, juhi/kaasjuhi või sõiduki/haagise rolli, sihtvälja ja klassifikaatori haru. Tõendatud alias-seose ühendamisel säilitada kõik lähteridade ID-d, võtmed ja väärtused; sõltumatuid põhjuseid ei liideta.";"Vana koodi ja sihtkirje vastavus kontrollitud; ETL-i rakendamine on eraldi töö. Varasema CSV raskusaste parandatud sihtklassifikaatori järgi.";"Ljvis/App_Data/breaches/breaches_165_2014.json (fail nimetab maaruse) | Ljvis/Areas/Forms/Views/Form/UnitedPartials/Roadworthiness/InfringementTable/_Version2016.ascx:498 tabeli pais: 2. Euroopa Parlamendi ja nõukogu määruse (EL) nr 165/2014 rikkumised k | Ljvis/Areas/Forms/Views/Form/UnitedPartials/Roadworthiness/InfringementTable/_Version2017.ascx:671 tabeli pais: 2. Euroopa Parlamendi ja nõukogu määruse (EL) nr 165/2014 rikkumiste k | Ljvis/Areas/Forms/Views/Form/UnitedPartials/Roadworthiness2012_old.ascx:670 tabeli pais: 2. Euroopa Parlamendi ja nõukogu määruse (EL) nr 165/2014 rikkumised k | Ljvis/Areas/Forms/Views/Form/UnitedPartials/Roadworthiness/InfringementTable/_Version2017.ascx:671 name=""art32_lg1_3"" vsi=""VSI819"" | LJVIS2: DRIVING_VIOLATION.VSI819 (SOIDUMEERIKUD > SOIDUMEERIKUD_06 > VSI819); Kontroll 26.09.2026: DRIVING_VIOLATION.VSI819, puu=SOIDUMEERIKUD>SOIDUMEERIKUD_06>VSI819, sihtraskus=MSI | Raund 3: mallist automaatselt leitud art32_lg1_3→VSI819 kontrolliti sõltumatu input-atribuutide lugemisega. 77 eligible-vormi seas alias 3 vormil, vastav EL-kood 3/3 vormil, aliasel 3 EAV-rida. See kinnitab allika alias-seost, mitte puuduva sihtvälja olemasolu ega uute võtmete tähendust.";"Rakendada ja kontrollida ETL-is; see tabel ei tõenda juba tehtud ülekannet."
art6_lg1_part1_2;3;Roadworthiness2012;sp_driver_form/sp_teammate_form.violations_561_2006;SI901;DRIVING_VIOLATION;SOIDUAJAD>SOIDUAJAD_01>SI901;SI;"Ainult value='on'; vormi versioon ja alamtüüp peavad sobima; alias + EL-kood ei tohi tekitada topeltkirjet. Sama kood üksi ei tõenda sama tuvastust: arvestada lähtevormi, juhi/kaasjuhi või sõiduki/haagise rolli, sihtvälja ja klassifikaatori haru. Tõendatud alias-seose ühendamisel säilitada kõik lähteridade ID-d, võtmed ja väärtused; sõltumatuid põhjuseid ei liideta.";"Vana koodi ja sihtkirje vastavus kontrollitud; ETL-i rakendamine on eraldi töö.";"Ljvis/App_Data/breaches/breaches_561_2006.json (fail nimetab maaruse) | Ljvis/Areas/Forms/Views/Form/UnitedPartials/Roadworthiness/InfringementTable/_Version2015.ascx:54 tabeli pais: 1. Euroopa Parlamendi ja nõukogu määruse (EÜ) nr 561/2006 rikkumiste k | Ljvis/Areas/Forms/Views/Form/UnitedPartials/Roadworthiness/InfringementTable/_Version2016.ascx:54 tabeli pais: 1. Euroopa Parlamendi ja nõukogu määruse (EÜ) nr 561/2006 rikkumised k | Ljvis/Areas/Forms/Views/Form/UnitedPartials/Roadworthiness/InfringementTable/_Version2017.ascx:54 tabeli pais: 1. Euroopa Parlamendi ja nõukogu määruse (EÜ) nr 561/2006 rikkumised k | Ljvis/Areas/Forms/Views/Form/UnitedPartials/Roadworthiness2012_old.ascx:226 tabeli pais: 1. Euroopa Parlamendi ja nõukogu määruse (EÜ) nr 561/2006 rikkumised k | Ljvis/Areas/Forms/Views/Form/UnitedPartials/Roadworthiness2012_old.ascx:1240 tabeli pais: 1. Euroopa Parlamendi ja nõukogu määruse (EÜ) nr 561/2006 rikkumiste k | Ljvis/Areas/Forms/Views/Form/UnitedPartials/Roadworthiness/InfringementTable/_Version2017.ascx:54 name=""art6_lg1_part1_2"" si=""SI901"" | LJVIS2: DRIVING_VIOLATION.SI901 (SOIDUAJAD > SOIDUAJAD_01 > SI901); Kontroll 26.09.2026: DRIVING_VIOLATION.SI901, puu=SOIDUAJAD>SOIDUAJAD_01>SI901, sihtraskus=SI | Raund 3: mallist automaatselt leitud art6_lg1_part1_2→SI901 kontrolliti sõltumatu input-atribuutide lugemisega. 77 eligible-vormi seas alias 3 vormil, vastav EL-kood 3/3 vormil, aliasel 3 EAV-rida. See kinnitab allika alias-seost, mitte puuduva sihtvälja olemasolu ega uute võtmete tähendust.";"Rakendada ja kontrollida ETL-is; see tabel ei tõenda juba tehtud ülekannet."
art6_lg1_part3_4;3;Roadworthiness2012;sp_driver_form/sp_teammate_form.violations_561_2006;MSI102;DRIVING_VIOLATION;SOIDUAJAD>SOIDUAJAD_02>MSI102;MSI;"Ainult value='on'; vormi versioon ja alamtüüp peavad sobima; alias + EL-kood ei tohi tekitada topeltkirjet. Sama kood üksi ei tõenda sama tuvastust: arvestada lähtevormi, juhi/kaasjuhi või sõiduki/haagise rolli, sihtvälja ja klassifikaatori haru. Tõendatud alias-seose ühendamisel säilitada kõik lähteridade ID-d, võtmed ja väärtused; sõltumatuid põhjuseid ei liideta.";"Vana koodi ja sihtkirje vastavus kontrollitud; ETL-i rakendamine on eraldi töö.";"Ljvis/App_Data/breaches/breaches_561_2006.json (fail nimetab maaruse) | Ljvis/Areas/Forms/Views/Form/UnitedPartials/Roadworthiness/InfringementTable/_Version2015.ascx:99 tabeli pais: 1. Euroopa Parlamendi ja nõukogu määruse (EÜ) nr 561/2006 rikkumiste k | Ljvis/Areas/Forms/Views/Form/UnitedPartials/Roadworthiness/InfringementTable/_Version2016.ascx:99 tabeli pais: 1. Euroopa Parlamendi ja nõukogu määruse (EÜ) nr 561/2006 rikkumised k | Ljvis/Areas/Forms/Views/Form/UnitedPartials/Roadworthiness/InfringementTable/_Version2017.ascx:73 tabeli pais: 1. Euroopa Parlamendi ja nõukogu määruse (EÜ) nr 561/2006 rikkumised k | Ljvis/Areas/Forms/Views/Form/UnitedPartials/Roadworthiness2012_old.ascx:271 tabeli pais: 1. Euroopa Parlamendi ja nõukogu määruse (EÜ) nr 561/2006 rikkumised k | Ljvis/Areas/Forms/Views/Form/UnitedPartials/Roadworthiness2012_old.ascx:1285 tabeli pais: 1. Euroopa Parlamendi ja nõukogu määruse (EÜ) nr 561/2006 rikkumiste k | Ljvis/Areas/Forms/Views/Form/UnitedPartials/Roadworthiness/InfringementTable/_Version2015.ascx:99 name=""art6_lg1_part3_4"" msi=""MSI102"" | LJVIS2: DRIVING_VIOLATION.MSI102 (SOIDUAJAD > SOIDUAJAD_02 > MSI102); Kontroll 26.09.2026: DRIVING_VIOLATION.MSI102, puu=SOIDUAJAD>SOIDUAJAD_02>MSI102, sihtraskus=MSI | Raund 3: mallist automaatselt leitud art6_lg1_part3_4→MSI102 kontrolliti sõltumatu input-atribuutide lugemisega. 77 eligible-vormi seas alias 3 vormil, vastav EL-kood 3/3 vormil, aliasel 3 EAV-rida. See kinnitab allika alias-seost, mitte puuduva sihtvälja olemasolu ega uute võtmete tähendust.";"Rakendada ja kontrollida ETL-is; see tabel ei tõenda juba tehtud ülekannet."
art7_3;3;Roadworthiness2012;sp_driver_form/sp_teammate_form.violations_561_2006;VSI804;DRIVING_VIOLATION;VAHEAJAD_561>VAHEAJAD_561_01>VSI804;VSI;"Ainult value='on'; vormi versioon ja alamtüüp peavad sobima; alias + EL-kood ei tohi tekitada topeltkirjet. Sama kood üksi ei tõenda sama tuvastust: arvestada lähtevormi, juhi/kaasjuhi või sõiduki/haagise rolli, sihtvälja ja klassifikaatori haru. Tõendatud alias-seose ühendamisel säilitada kõik lähteridade ID-d, võtmed ja väärtused; sõltumatuid põhjuseid ei liideta.";"Vana koodi ja sihtkirje vastavus kontrollitud; ETL-i rakendamine on eraldi töö.";"Ljvis/App_Data/breaches/breaches_561_2006.json (fail nimetab maaruse) | Ljvis/Areas/Forms/Views/Form/UnitedPartials/Roadworthiness/InfringementTable/_Version2015.ascx:227 tabeli pais: 1. Euroopa Parlamendi ja nõukogu määruse (EÜ) nr 561/2006 rikkumiste k | Ljvis/Areas/Forms/Views/Form/UnitedPartials/Roadworthiness/InfringementTable/_Version2016.ascx:227 tabeli pais: 1. Euroopa Parlamendi ja nõukogu määruse (EÜ) nr 561/2006 rikkumised k | Ljvis/Areas/Forms/Views/Form/UnitedPartials/Roadworthiness/InfringementTable/_Version2017.ascx:236 tabeli pais: 1. Euroopa Parlamendi ja nõukogu määruse (EÜ) nr 561/2006 rikkumised k | Ljvis/Areas/Forms/Views/Form/UnitedPartials/Roadworthiness2012_old.ascx:399 tabeli pais: 1. Euroopa Parlamendi ja nõukogu määruse (EÜ) nr 561/2006 rikkumised k | Ljvis/Areas/Forms/Views/Form/UnitedPartials/Roadworthiness2012_old.ascx:1413 tabeli pais: 1. Euroopa Parlamendi ja nõukogu määruse (EÜ) nr 561/2006 rikkumiste k | Ljvis/Areas/Forms/Views/Form/UnitedPartials/Roadworthiness/InfringementTable/_Version2017.ascx:236 name=""art7_3"" vsi=""VSI804"" | LJVIS2: DRIVING_VIOLATION.VSI804 (VAHEAJAD_561 > VAHEAJAD_561_01 > VSI804); Kontroll 26.09.2026: DRIVING_VIOLATION.VSI804, puu=VAHEAJAD_561>VAHEAJAD_561_01>VSI804, sihtraskus=VSI | Raund 3: mallist automaatselt leitud art7_3→VSI804 kontrolliti sõltumatu input-atribuutide lugemisega. 77 eligible-vormi seas alias 3 vormil, vastav EL-kood 3/3 vormil, aliasel 3 EAV-rida. See kinnitab allika alias-seost, mitte puuduva sihtvälja olemasolu ega uute võtmete tähendust.";"Rakendada ja kontrollida ETL-is; see tabel ei tõenda juba tehtud ülekannet."
MSI205;2;Roadworthiness2012;sp_driver_form/sp_teammate_form.violations_165_2014;MSI205;DRIVING_VIOLATION;SOIDUMEERIKUD>SOIDUMEERIKUD_09>MSI205;MSI;"Ainult value='on'; vormi versioon ja alamtüüp peavad sobima; alias + EL-kood ei tohi tekitada topeltkirjet. Sama kood üksi ei tõenda sama tuvastust: arvestada lähtevormi, juhi/kaasjuhi või sõiduki/haagise rolli, sihtvälja ja klassifikaatori haru. Tõendatud alias-seose ühendamisel säilitada kõik lähteridade ID-d, võtmed ja väärtused; sõltumatuid põhjuseid ei liideta.";"Vana koodi ja sihtkirje vastavus kontrollitud; ETL-i rakendamine on eraldi töö.";"LJVIS2 classifier_value: DRIVING_VIOLATION.MSI205 (SOIDUMEERIKUD > SOIDUMEERIKUD_09 > MSI205) | LJVIS2 SOIDUMEERIKUD.description = 'Euroopa Parlamendi ja nõukogu määrus (EL) nr 165/2014' | Ljvis.Domain/Generators/JobInspectionV2ViolationClassifierGenerator.cs:67 JobInspectionV2ViolationClassifierGenerator Name=SOIDUMEERIK__165_2014_ART_32_3_H9; Kontroll 26.09.2026: DRIVING_VIOLATION.MSI205, puu=SOIDUMEERIKUD>SOIDUMEERIKUD_09>MSI205, sihtraskus=MSI";"Rakendada ja kontrollida ETL-is; see tabel ei tõenda juba tehtud ülekannet."
MSI504;2;Roadworthiness2012;sp_driver_form/sp_teammate_form.document_checks;MSI504;DOC_RIGHT_CHECK;TEGEVUSLUBA>TEGEVUSLUBA_02>MSI504;MSI;"Ainult value='on'; vormi versioon ja alamtüüp peavad sobima; alias + EL-kood ei tohi tekitada topeltkirjet. Sama kood üksi ei tõenda sama tuvastust: arvestada lähtevormi, juhi/kaasjuhi või sõiduki/haagise rolli, sihtvälja ja klassifikaatori haru. Tõendatud alias-seose ühendamisel säilitada kõik lähteridade ID-d, võtmed ja väärtused; sõltumatuid põhjuseid ei liideta.";"Vana koodi ja sihtkirje vastavus kontrollitud; ETL-i rakendamine on eraldi töö.";"LJVIS2 classifier_value: EU_INFRINGEMENT.MSI504 (MSI504) | Ljvis.Domain/Generators/KoigeRaskemateRikkumisteKategooriaClassifierGenerator.cs:31 KoigeRaskemateRikkumisteKategooriaClassifierGenerator Name=MSI 504 - veoste vedu ettevõtja poolt, kellel ei ole kehtivat ühenduse | Ljvis/Areas/Forms/Views/Form/UnitedPartials/Roadworthiness/DocumentsTable/_Version2017.ascx:63 kood MSI504 on dokumendikontrolli tabelis; Kontroll 26.09.2026: DOC_RIGHT_CHECK.MSI504, puu=TEGEVUSLUBA>TEGEVUSLUBA_02>MSI504, sihtraskus=MSI";"Rakendada ja kontrollida ETL-is; see tabel ei tõenda juba tehtud ülekannet."
SI905;2;Roadworthiness2012;sp_driver_form/sp_teammate_form.violations_561_2006;SI905;DRIVING_VIOLATION;VAHEAJAD_561>VAHEAJAD_561_01>SI905;SI;"Ainult value='on'; vormi versioon ja alamtüüp peavad sobima; alias + EL-kood ei tohi tekitada topeltkirjet. Sama kood üksi ei tõenda sama tuvastust: arvestada lähtevormi, juhi/kaasjuhi või sõiduki/haagise rolli, sihtvälja ja klassifikaatori haru. Tõendatud alias-seose ühendamisel säilitada kõik lähteridade ID-d, võtmed ja väärtused; sõltumatuid põhjuseid ei liideta.";"Vana koodi ja sihtkirje vastavus kontrollitud; ETL-i rakendamine on eraldi töö.";"LJVIS2 classifier_value: DRIVING_VIOLATION.SI905 (VAHEAJAD_561 > VAHEAJAD_561_01 > SI905) | LJVIS2 VAHEAJAD_561.description = 'Euroopa Parlamendi ja nõukogu määrus (EÜ) nr 561/2006' | Ljvis.Domain/Generators/JobInspectionV2ViolationClassifierGenerator.cs:29 JobInspectionV2ViolationClassifierGenerator Name=VAHEAEG_1__561_2006_ART_7_C1_C2_C3; Kontroll 26.09.2026: DRIVING_VIOLATION.SI905, puu=VAHEAJAD_561>VAHEAJAD_561_01>SI905, sihtraskus=SI";"Rakendada ja kontrollida ETL-is; see tabel ei tõenda juba tehtud ülekannet."
SI951;2;Roadworthiness2012;sp_driver_form/sp_teammate_form.violations_2020_1057;SI951;DRIVING_VIOLATION;LAHETAMINE>LAHETAMINE_01>SI951;SI;"Ainult value='on'; vormi versioon ja alamtüüp peavad sobima; alias + EL-kood ei tohi tekitada topeltkirjet. Sama kood üksi ei tõenda sama tuvastust: arvestada lähtevormi, juhi/kaasjuhi või sõiduki/haagise rolli, sihtvälja ja klassifikaatori haru. Tõendatud alias-seose ühendamisel säilitada kõik lähteridade ID-d, võtmed ja väärtused; sõltumatuid põhjuseid ei liideta.";"Vana koodi ja sihtkirje vastavus kontrollitud; ETL-i rakendamine on eraldi töö.";"LJVIS2 classifier_value: DRIVING_VIOLATION.SI951 (LAHETAMINE > LAHETAMINE_01 > SI951) | LJVIS2 LAHETAMINE.description = 'Direktiiv (EL) 2020/1057'; Kontroll 26.09.2026: DRIVING_VIOLATION.SI951, puu=LAHETAMINE>LAHETAMINE_01>SI951, sihtraskus=SI";"Rakendada ja kontrollida ETL-is; see tabel ei tõenda juba tehtud ülekannet."
VSI800;2;Roadworthiness2012;sp_driver_form/sp_teammate_form.violations_561_2006;VSI800;DRIVING_VIOLATION;SOIDUAJAD>SOIDUAJAD_01>VSI800;VSI;"Ainult value='on'; vormi versioon ja alamtüüp peavad sobima; alias + EL-kood ei tohi tekitada topeltkirjet. Sama kood üksi ei tõenda sama tuvastust: arvestada lähtevormi, juhi/kaasjuhi või sõiduki/haagise rolli, sihtvälja ja klassifikaatori haru. Tõendatud alias-seose ühendamisel säilitada kõik lähteridade ID-d, võtmed ja väärtused; sõltumatuid põhjuseid ei liideta.";"Vana koodi ja sihtkirje vastavus kontrollitud; ETL-i rakendamine on eraldi töö.";"LJVIS2 classifier_value: DRIVING_VIOLATION.VSI800 (SOIDUAJAD > SOIDUAJAD_01 > VSI800) | LJVIS2 SOIDUAJAD.description = 'Euroopa Parlamendi ja nõukogu määrus (EÜ) nr 561/2006' | Ljvis.Domain/Generators/JobInspectionV2ViolationClassifierGenerator.cs:14 JobInspectionV2ViolationClassifierGenerator Name=SOIDUAEG__561_6_1_B1_B2_B3; Kontroll 26.09.2026: DRIVING_VIOLATION.VSI800, puu=SOIDUAJAD>SOIDUAJAD_01>VSI800, sihtraskus=VSI";"Rakendada ja kontrollida ETL-is; see tabel ei tõenda juba tehtud ülekannet."
VSI825;2;Roadworthiness2012;sp_driver_form/sp_teammate_form.violations_165_2014;VSI825;DRIVING_VIOLATION;SOIDUMEERIKUD>SOIDUMEERIKUD_14>VSI825;MSI;"Ainult value='on'; vormi versioon ja alamtüüp peavad sobima; alias + EL-kood ei tohi tekitada topeltkirjet. Sama kood üksi ei tõenda sama tuvastust: arvestada lähtevormi, juhi/kaasjuhi või sõiduki/haagise rolli, sihtvälja ja klassifikaatori haru. Tõendatud alias-seose ühendamisel säilitada kõik lähteridade ID-d, võtmed ja väärtused; sõltumatuid põhjuseid ei liideta.";"Vana koodi ja sihtkirje vastavus kontrollitud; ETL-i rakendamine on eraldi töö.";"LJVIS2 classifier_value: DRIVING_VIOLATION.VSI825 (SOIDUMEERIKUD > SOIDUMEERIKUD_14 > VSI825) | LJVIS2 SOIDUMEERIKUD.description = 'Euroopa Parlamendi ja nõukogu määrus (EL) nr 165/2014' | Ljvis.Domain/Generators/JobInspectionV2ViolationClassifierGenerator.cs:72 JobInspectionV2ViolationClassifierGenerator Name=SOIDUMEERIK__165_2014_ART_34_1_H14; Kontroll 26.09.2026: DRIVING_VIOLATION.VSI825, puu=SOIDUMEERIKUD>SOIDUMEERIKUD_14>VSI825, sihtraskus=MSI";"Rakendada ja kontrollida ETL-is; see tabel ei tõenda juba tehtud ülekannet."
VSI848;2;Roadworthiness2012;sp_driver_form/sp_teammate_form.document_checks;VSI848;DOC_RIGHT_CHECK;AMETIKOOLITUS>AMETIKOOLITUS_01>VSI848;VSI;"Ainult value='on'; vormi versioon ja alamtüüp peavad sobima; alias + EL-kood ei tohi tekitada topeltkirjet. Sama kood üksi ei tõenda sama tuvastust: arvestada lähtevormi, juhi/kaasjuhi või sõiduki/haagise rolli, sihtvälja ja klassifikaatori haru. Tõendatud alias-seose ühendamisel säilitada kõik lähteridade ID-d, võtmed ja väärtused; sõltumatuid põhjuseid ei liideta.";"Vana koodi ja sihtkirje vastavus kontrollitud; ETL-i rakendamine on eraldi töö.";"LJVIS2 classifier_value: EU_INFRINGEMENT.VSI848 (VSI848) | Ljvis.Domain/Generators/VerySeriousInfringementClassifierGenerator.cs:60 VerySeriousInfringementClassifierGenerator Name=VSI 848 - sõitjate või kaupade vedu ilma kohustusliku alusõppe ja/või  | Ljvis/Areas/Forms/Views/Form/UnitedPartials/Roadworthiness/DocumentsTable/_Version2017.ascx:113 kood VSI848 on dokumendikontrolli tabelis; Kontroll 26.09.2026: DOC_RIGHT_CHECK.VSI848, puu=AMETIKOOLITUS>AMETIKOOLITUS_01>VSI848, sihtraskus=VSI";"Rakendada ja kontrollida ETL-is; see tabel ei tõenda juba tehtud ülekannet."
VSI860;2;Roadworthiness2012;sp_driver_form/sp_teammate_form.document_checks;VSI860;DOC_RIGHT_CHECK;TEGEVUSLOA_ARAKIRI>TEGEVUSLOA_ARAKIRI_02>VSI860;VSI;"Ainult value='on'; vormi versioon ja alamtüüp peavad sobima; alias + EL-kood ei tohi tekitada topeltkirjet. Sama kood üksi ei tõenda sama tuvastust: arvestada lähtevormi, juhi/kaasjuhi või sõiduki/haagise rolli, sihtvälja ja klassifikaatori haru. Tõendatud alias-seose ühendamisel säilitada kõik lähteridade ID-d, võtmed ja väärtused; sõltumatuid põhjuseid ei liideta.";"Vana koodi ja sihtkirje vastavus kontrollitud; ETL-i rakendamine on eraldi töö.";"LJVIS2 classifier_value: EU_INFRINGEMENT.VSI860 (VSI860) | Ljvis.Domain/Generators/VerySeriousInfringementClassifierGenerator.cs:72 VerySeriousInfringementClassifierGenerator Name=VSI 860 - vedaja või sõidukijuht ei esita veoseveol kehtivat ühenduse  | Ljvis/Areas/Forms/Views/Form/UnitedPartials/Roadworthiness/DocumentsTable/_Version2017.ascx:74 kood VSI860 on dokumendikontrolli tabelis; Kontroll 26.09.2026: DOC_RIGHT_CHECK.VSI860, puu=TEGEVUSLOA_ARAKIRI>TEGEVUSLOA_ARAKIRI_02>VSI860, sihtraskus=VSI";"Rakendada ja kontrollida ETL-is; see tabel ei tõenda juba tehtud ülekannet."
VSI878;2;Roadworthiness2012;sp_driver_form/sp_teammate_form.violations_2020_1057;VSI878;DRIVING_VIOLATION;LAHETAMINE>LAHETAMINE_05>VSI878;VSI;"Ainult value='on'; vormi versioon ja alamtüüp peavad sobima; alias + EL-kood ei tohi tekitada topeltkirjet. Sama kood üksi ei tõenda sama tuvastust: arvestada lähtevormi, juhi/kaasjuhi või sõiduki/haagise rolli, sihtvälja ja klassifikaatori haru. Tõendatud alias-seose ühendamisel säilitada kõik lähteridade ID-d, võtmed ja väärtused; sõltumatuid põhjuseid ei liideta.";"Vana koodi ja sihtkirje vastavus kontrollitud; ETL-i rakendamine on eraldi töö.";"LJVIS2 classifier_value: DRIVING_VIOLATION.VSI878 (LAHETAMINE > LAHETAMINE_05 > VSI878) | LJVIS2 LAHETAMINE.description = 'Direktiiv (EL) 2020/1057'; Kontroll 26.09.2026: DRIVING_VIOLATION.VSI878, puu=LAHETAMINE>LAHETAMINE_05>VSI878, sihtraskus=VSI";"Rakendada ja kontrollida ETL-is; see tabel ei tõenda juba tehtud ülekannet."
art32_lg3_part2_4;2;Roadworthiness2012;sp_driver_form/sp_teammate_form.violations_165_2014;MSI205;DRIVING_VIOLATION;SOIDUMEERIKUD>SOIDUMEERIKUD_09>MSI205;MSI;"Ainult value='on'; vormi versioon ja alamtüüp peavad sobima; alias + EL-kood ei tohi tekitada topeltkirjet. Sama kood üksi ei tõenda sama tuvastust: arvestada lähtevormi, juhi/kaasjuhi või sõiduki/haagise rolli, sihtvälja ja klassifikaatori haru. Tõendatud alias-seose ühendamisel säilitada kõik lähteridade ID-d, võtmed ja väärtused; sõltumatuid põhjuseid ei liideta.";"Vana koodi ja sihtkirje vastavus kontrollitud; ETL-i rakendamine on eraldi töö.";"Ljvis/App_Data/breaches/breaches_165_2014.json (fail nimetab maaruse) | Ljvis/Areas/Forms/Views/Form/UnitedPartials/Roadworthiness/InfringementTable/_Version2016.ascx:923 tabeli pais: 2. Euroopa Parlamendi ja nõukogu määruse (EL) nr 165/2014 rikkumised k | Ljvis/Areas/Forms/Views/Form/UnitedPartials/Roadworthiness/InfringementTable/_Version2017.ascx:706 tabeli pais: 2. Euroopa Parlamendi ja nõukogu määruse (EL) nr 165/2014 rikkumiste k | Ljvis/Areas/Forms/Views/Form/UnitedPartials/Roadworthiness2012_old.ascx:1095 tabeli pais: 2. Euroopa Parlamendi ja nõukogu määruse (EL) nr 165/2014 rikkumised k | Ljvis/Areas/Forms/Views/Form/UnitedPartials/Roadworthiness/InfringementTable/_Version2017.ascx:706 name=""art32_lg3_part2_4"" msi=""MSI205"" | LJVIS2: DRIVING_VIOLATION.MSI205 (SOIDUMEERIKUD > SOIDUMEERIKUD_09 > MSI205); Kontroll 26.09.2026: DRIVING_VIOLATION.MSI205, puu=SOIDUMEERIKUD>SOIDUMEERIKUD_09>MSI205, sihtraskus=MSI | Raund 3: mallist automaatselt leitud art32_lg3_part2_4→MSI205 kontrolliti sõltumatu input-atribuutide lugemisega. 77 eligible-vormi seas alias 2 vormil, vastav EL-kood 2/2 vormil, aliasel 2 EAV-rida. See kinnitab allika alias-seost, mitte puuduva sihtvälja olemasolu ega uute võtmete tähendust.";"Rakendada ja kontrollida ETL-is; see tabel ei tõenda juba tehtud ülekannet."
art34_lg1_part5_3;2;Roadworthiness2012;sp_driver_form/sp_teammate_form.violations_165_2014;VSI825;DRIVING_VIOLATION;SOIDUMEERIKUD>SOIDUMEERIKUD_14>VSI825;MSI;"Ainult value='on'; vormi versioon ja alamtüüp peavad sobima; alias + EL-kood ei tohi tekitada topeltkirjet. Sama kood üksi ei tõenda sama tuvastust: arvestada lähtevormi, juhi/kaasjuhi või sõiduki/haagise rolli, sihtvälja ja klassifikaatori haru. Tõendatud alias-seose ühendamisel säilitada kõik lähteridade ID-d, võtmed ja väärtused; sõltumatuid põhjuseid ei liideta.";"Vana koodi ja sihtkirje vastavus kontrollitud; ETL-i rakendamine on eraldi töö. Varasema CSV raskusaste parandatud sihtklassifikaatori järgi.";"Ljvis/App_Data/breaches/breaches_165_2014.json (fail nimetab maaruse) | Ljvis/Areas/Forms/Views/Form/UnitedPartials/Roadworthiness/InfringementTable/_Version2016.ascx:696 tabeli pais: 2. Euroopa Parlamendi ja nõukogu määruse (EL) nr 165/2014 rikkumised k | Ljvis/Areas/Forms/Views/Form/UnitedPartials/Roadworthiness/InfringementTable/_Version2017.ascx:770 tabeli pais: 2. Euroopa Parlamendi ja nõukogu määruse (EL) nr 165/2014 rikkumiste k | Ljvis/Areas/Forms/Views/Form/UnitedPartials/Roadworthiness2012_old.ascx:868 tabeli pais: 2. Euroopa Parlamendi ja nõukogu määruse (EL) nr 165/2014 rikkumised k | Ljvis/Areas/Forms/Views/Form/UnitedPartials/Roadworthiness/InfringementTable/_Version2017.ascx:770 name=""art34_lg1_part5_3"" vsi=""VSI825"" | LJVIS2: DRIVING_VIOLATION.VSI825 (SOIDUMEERIKUD > SOIDUMEERIKUD_14 > VSI825); Kontroll 26.09.2026: DRIVING_VIOLATION.VSI825, puu=SOIDUMEERIKUD>SOIDUMEERIKUD_14>VSI825, sihtraskus=MSI | Raund 3: mallist automaatselt leitud art34_lg1_part5_3→VSI825 kontrolliti sõltumatu input-atribuutide lugemisega. 77 eligible-vormi seas alias 2 vormil, vastav EL-kood 2/2 vormil, aliasel 2 EAV-rida. See kinnitab allika alias-seost, mitte puuduva sihtvälja olemasolu ega uute võtmete tähendust.";"Rakendada ja kontrollida ETL-is; see tabel ei tõenda juba tehtud ülekannet."
art6_lg1_part1_3;2;Roadworthiness2012;sp_driver_form/sp_teammate_form.violations_561_2006;VSI800;DRIVING_VIOLATION;SOIDUAJAD>SOIDUAJAD_01>VSI800;VSI;"Ainult value='on'; vormi versioon ja alamtüüp peavad sobima; alias + EL-kood ei tohi tekitada topeltkirjet. Sama kood üksi ei tõenda sama tuvastust: arvestada lähtevormi, juhi/kaasjuhi või sõiduki/haagise rolli, sihtvälja ja klassifikaatori haru. Tõendatud alias-seose ühendamisel säilitada kõik lähteridade ID-d, võtmed ja väärtused; sõltumatuid põhjuseid ei liideta.";"Vana koodi ja sihtkirje vastavus kontrollitud; ETL-i rakendamine on eraldi töö.";"Ljvis/App_Data/breaches/breaches_561_2006.json (fail nimetab maaruse) | Ljvis/Areas/Forms/Views/Form/UnitedPartials/Roadworthiness/InfringementTable/_Version2015.ascx:62 tabeli pais: 1. Euroopa Parlamendi ja nõukogu määruse (EÜ) nr 561/2006 rikkumiste k | Ljvis/Areas/Forms/Views/Form/UnitedPartials/Roadworthiness/InfringementTable/_Version2016.ascx:62 tabeli pais: 1. Euroopa Parlamendi ja nõukogu määruse (EÜ) nr 561/2006 rikkumised k | Ljvis/Areas/Forms/Views/Form/UnitedPartials/Roadworthiness/InfringementTable/_Version2017.ascx:63 tabeli pais: 1. Euroopa Parlamendi ja nõukogu määruse (EÜ) nr 561/2006 rikkumised k | Ljvis/Areas/Forms/Views/Form/UnitedPartials/Roadworthiness2012_old.ascx:234 tabeli pais: 1. Euroopa Parlamendi ja nõukogu määruse (EÜ) nr 561/2006 rikkumised k | Ljvis/Areas/Forms/Views/Form/UnitedPartials/Roadworthiness2012_old.ascx:1248 tabeli pais: 1. Euroopa Parlamendi ja nõukogu määruse (EÜ) nr 561/2006 rikkumiste k | Ljvis/Areas/Forms/Views/Form/UnitedPartials/Roadworthiness/InfringementTable/_Version2017.ascx:63 name=""art6_lg1_part1_3"" vsi=""VSI800"" | LJVIS2: DRIVING_VIOLATION.VSI800 (SOIDUAJAD > SOIDUAJAD_01 > VSI800); Kontroll 26.09.2026: DRIVING_VIOLATION.VSI800, puu=SOIDUAJAD>SOIDUAJAD_01>VSI800, sihtraskus=VSI | Raund 3: mallist automaatselt leitud art6_lg1_part1_3→VSI800 kontrolliti sõltumatu input-atribuutide lugemisega. 77 eligible-vormi seas alias 2 vormil, vastav EL-kood 2/2 vormil, aliasel 2 EAV-rida. See kinnitab allika alias-seost, mitte puuduva sihtvälja olemasolu ega uute võtmete tähendust.";"Rakendada ja kontrollida ETL-is; see tabel ei tõenda juba tehtud ülekannet."
art6_lg3_1;2;Roadworthiness2012;sp_driver_form/sp_teammate_form.violations_561_2006;SOIDUAJAD_07_MI;DRIVING_VIOLATION;SOIDUAJAD>SOIDUAJAD_07>SOIDUAJAD_07_MI;MI;"Ainult value='on'; vormi versioon ja alamtüüp peavad sobima; alias + EL-kood ei tohi tekitada topeltkirjet. Sama kood üksi ei tõenda sama tuvastust: arvestada lähtevormi, juhi/kaasjuhi või sõiduki/haagise rolli, sihtvälja ja klassifikaatori haru. Tõendatud alias-seose ühendamisel säilitada kõik lähteridade ID-d, võtmed ja väärtused; sõltumatuid põhjuseid ei liideta.";"Vana koodi ja sihtkirje vastavus kontrollitud; ETL-i rakendamine on eraldi töö.";"Ljvis/App_Data/breaches/breaches_561_2006.json (fail nimetab maaruse) | Ljvis/Areas/Forms/Views/Form/UnitedPartials/Roadworthiness/InfringementTable/_Version2015.ascx:166 tabeli pais: 1. Euroopa Parlamendi ja nõukogu määruse (EÜ) nr 561/2006 rikkumiste k | Ljvis/Areas/Forms/Views/Form/UnitedPartials/Roadworthiness/InfringementTable/_Version2016.ascx:166 tabeli pais: 1. Euroopa Parlamendi ja nõukogu määruse (EÜ) nr 561/2006 rikkumised k | Ljvis/Areas/Forms/Views/Form/UnitedPartials/Roadworthiness/InfringementTable/_Version2017.ascx:172 tabeli pais: 1. Euroopa Parlamendi ja nõukogu määruse (EÜ) nr 561/2006 rikkumised k | Ljvis/Areas/Forms/Views/Form/UnitedPartials/Roadworthiness2012_old.ascx:338 tabeli pais: 1. Euroopa Parlamendi ja nõukogu määruse (EÜ) nr 561/2006 rikkumised k | Ljvis/Areas/Forms/Views/Form/UnitedPartials/Roadworthiness2012_old.ascx:1352 tabeli pais: 1. Euroopa Parlamendi ja nõukogu määruse (EÜ) nr 561/2006 rikkumiste k | Ljvis/Areas/Forms/Views/Form/UnitedPartials/Roadworthiness/InfringementTable/_Version2017.ascx:172 alus=""Artikli 6 lõige 3"" tekst kattub taielikult | vahemik ""90h < ... 100h"" -> LJVIS2 SOIDUAJAD_07_MI; Kontroll 26.09.2026: DRIVING_VIOLATION.SOIDUAJAD_07_MI, puu=SOIDUAJAD>SOIDUAJAD_07>SOIDUAJAD_07_MI, sihtraskus=MI";"Rakendada ja kontrollida ETL-is; see tabel ei tõenda juba tehtud ülekannet."
art7_2;2;Roadworthiness2012;sp_driver_form/sp_teammate_form.violations_561_2006;SI905;DRIVING_VIOLATION;VAHEAJAD_561>VAHEAJAD_561_01>SI905;SI;"Ainult value='on'; vormi versioon ja alamtüüp peavad sobima; alias + EL-kood ei tohi tekitada topeltkirjet. Sama kood üksi ei tõenda sama tuvastust: arvestada lähtevormi, juhi/kaasjuhi või sõiduki/haagise rolli, sihtvälja ja klassifikaatori haru. Tõendatud alias-seose ühendamisel säilitada kõik lähteridade ID-d, võtmed ja väärtused; sõltumatuid põhjuseid ei liideta.";"Vana koodi ja sihtkirje vastavus kontrollitud; ETL-i rakendamine on eraldi töö.";"Ljvis/App_Data/breaches/breaches_561_2006.json (fail nimetab maaruse) | Ljvis/Areas/Forms/Views/Form/UnitedPartials/Roadworthiness/InfringementTable/_Version2015.ascx:219 tabeli pais: 1. Euroopa Parlamendi ja nõukogu määruse (EÜ) nr 561/2006 rikkumiste k | Ljvis/Areas/Forms/Views/Form/UnitedPartials/Roadworthiness/InfringementTable/_Version2016.ascx:219 tabeli pais: 1. Euroopa Parlamendi ja nõukogu määruse (EÜ) nr 561/2006 rikkumised k | Ljvis/Areas/Forms/Views/Form/UnitedPartials/Roadworthiness/InfringementTable/_Version2017.ascx:227 tabeli pais: 1. Euroopa Parlamendi ja nõukogu määruse (EÜ) nr 561/2006 rikkumised k | Ljvis/Areas/Forms/Views/Form/UnitedPartials/Roadworthiness2012_old.ascx:391 tabeli pais: 1. Euroopa Parlamendi ja nõukogu määruse (EÜ) nr 561/2006 rikkumised k | Ljvis/Areas/Forms/Views/Form/UnitedPartials/Roadworthiness2012_old.ascx:1405 tabeli pais: 1. Euroopa Parlamendi ja nõukogu määruse (EÜ) nr 561/2006 rikkumiste k | Ljvis/Areas/Forms/Views/Form/UnitedPartials/Roadworthiness/InfringementTable/_Version2017.ascx:227 name=""art7_2"" si=""SI905"" | LJVIS2: DRIVING_VIOLATION.SI905 (VAHEAJAD_561 > VAHEAJAD_561_01 > SI905); Kontroll 26.09.2026: DRIVING_VIOLATION.SI905, puu=VAHEAJAD_561>VAHEAJAD_561_01>SI905, sihtraskus=SI | Raund 3: mallist automaatselt leitud art7_2→SI905 kontrolliti sõltumatu input-atribuutide lugemisega. 77 eligible-vormi seas alias 2 vormil, vastav EL-kood 2/2 vormil, aliasel 2 EAV-rida. See kinnitab allika alias-seost, mitte puuduva sihtvälja olemasolu ega uute võtmete tähendust.";"Rakendada ja kontrollida ETL-is; see tabel ei tõenda juba tehtud ülekannet."
art8_lg6_part2_1;2;Roadworthiness2012;sp_driver_form/sp_teammate_form.violations_561_2006;PUHKEPERIOODID_06_MI;DRIVING_VIOLATION;PUHKEPERIOODID>PUHKEPERIOODID_06>PUHKEPERIOODID_06_MI;MI;"Ainult value='on'; vormi versioon ja alamtüüp peavad sobima; alias + EL-kood ei tohi tekitada topeltkirjet. Sama kood üksi ei tõenda sama tuvastust: arvestada lähtevormi, juhi/kaasjuhi või sõiduki/haagise rolli, sihtvälja ja klassifikaatori haru. Tõendatud alias-seose ühendamisel säilitada kõik lähteridade ID-d, võtmed ja väärtused; sõltumatuid põhjuseid ei liideta.";"Vana koodi ja sihtkirje vastavus kontrollitud; ETL-i rakendamine on eraldi töö.";"Ljvis/App_Data/breaches/breaches_561_2006.json (fail nimetab maaruse) | Ljvis/Areas/Forms/Views/Form/UnitedPartials/Roadworthiness/InfringementTable/_Version2015.ascx:400 tabeli pais: 1. Euroopa Parlamendi ja nõukogu määruse (EÜ) nr 561/2006 rikkumiste k | Ljvis/Areas/Forms/Views/Form/UnitedPartials/Roadworthiness/InfringementTable/_Version2016.ascx:400 tabeli pais: 1. Euroopa Parlamendi ja nõukogu määruse (EÜ) nr 561/2006 rikkumised k | Ljvis/Areas/Forms/Views/Form/UnitedPartials/Roadworthiness/InfringementTable/_Version2017.ascx:410 tabeli pais: 1. Euroopa Parlamendi ja nõukogu määruse (EÜ) nr 561/2006 rikkumised k | Ljvis/Areas/Forms/Views/Form/UnitedPartials/Roadworthiness2012_old.ascx:572 tabeli pais: 1. Euroopa Parlamendi ja nõukogu määruse (EÜ) nr 561/2006 rikkumised k | Ljvis/Areas/Forms/Views/Form/UnitedPartials/Roadworthiness2012_old.ascx:1586 tabeli pais: 1. Euroopa Parlamendi ja nõukogu määruse (EÜ) nr 561/2006 rikkumiste k | Ljvis/Areas/Forms/Views/Form/UnitedPartials/Roadworthiness/InfringementTable/_Version2017.ascx:410 alus=""Artikli 8 lõige 6"" tekst kattub taielikult | vahemik ""42h ≤ ... < 45h"" -> LJVIS2 PUHKEPERIOODID_06_MI; Kontroll 26.09.2026: DRIVING_VIOLATION.PUHKEPERIOODID_06_MI, puu=PUHKEPERIOODID>PUHKEPERIOODID_06>PUHKEPERIOODID_06_MI, sihtraskus=MI";"Rakendada ja kontrollida ETL-is; see tabel ei tõenda juba tehtud ülekannet."
rw_doc_msi_5;2;Roadworthiness2012;sp_driver_form/sp_teammate_form.document_checks;"sõitjatevedu=MSI503; veosevedu=MSI504";DOC_RIGHT_CHECK;;"sõitjatevedu=MSI; veosevedu=MSI";"Ainult value='on'; vormi versioon ja alamtüüp peavad sobima; alias + EL-kood ei tohi tekitada topeltkirjet. Veoliik peab üheselt valima vastava haru; puuduv või vastuoluline liik blokeerib. Sama kood üksi ei tõenda sama tuvastust: arvestada lähtevormi, juhi/kaasjuhi või sõiduki/haagise rolli, sihtvälja ja klassifikaatori haru. Tõendatud alias-seose ühendamisel säilitada kõik lähteridade ID-d, võtmed ja väärtused; sõltumatuid põhjuseid ei liideta.";"Vana koodi ja sihtkirje vastavus kontrollitud; ETL-i rakendamine on eraldi töö.";"Ljvis/Areas/Forms/Views/Form/UnitedPartials/Roadworthiness/DocumentsTable/_Version2018.ascx:63 name=""rw_doc_msi_5"" sõitjatevedu=""MSI503"" veosevedu=""MSI504"" | Ljvis/Areas/Forms/Views/Form/UnitedPartials/Roadworthiness/DocumentsTable/_Version2017.ascx:63 kood MSI503 on dokumendikontrolli tabelis; Kontroll 26.09.2026: DOC_RIGHT_CHECK.sõitjatevedu=MSI503; veosevedu=MSI504, puu=, sihtraskus=sõitjatevedu=MSI; veosevedu=MSI";"Rakendada ja kontrollida ETL-is; see tabel ei tõenda juba tehtud ülekannet."
rw_doc_vsi_10;2;Roadworthiness2012;sp_driver_form/sp_teammate_form.document_checks;VSI848;DOC_RIGHT_CHECK;AMETIKOOLITUS>AMETIKOOLITUS_01>VSI848;VSI;"Ainult value='on'; vormi versioon ja alamtüüp peavad sobima; alias + EL-kood ei tohi tekitada topeltkirjet. Sama kood üksi ei tõenda sama tuvastust: arvestada lähtevormi, juhi/kaasjuhi või sõiduki/haagise rolli, sihtvälja ja klassifikaatori haru. Tõendatud alias-seose ühendamisel säilitada kõik lähteridade ID-d, võtmed ja väärtused; sõltumatuid põhjuseid ei liideta.";"Vana koodi ja sihtkirje vastavus kontrollitud; ETL-i rakendamine on eraldi töö.";"Ljvis/Areas/Forms/Views/Form/UnitedPartials/Roadworthiness/DocumentsTable/_Version2017.ascx:113 name=""rw_doc_vsi_10"" vsi=""VSI848"" | LJVIS2: EU_INFRINGEMENT.VSI848 (VSI848) | Ljvis/Areas/Forms/Views/Form/UnitedPartials/Roadworthiness/DocumentsTable/_Version2017.ascx:113 kood VSI848 on dokumendikontrolli tabelis; Kontroll 26.09.2026: DOC_RIGHT_CHECK.VSI848, puu=AMETIKOOLITUS>AMETIKOOLITUS_01>VSI848, sihtraskus=VSI | Raund 3: mallist automaatselt leitud rw_doc_vsi_10→VSI848 kontrolliti sõltumatu input-atribuutide lugemisega. 77 eligible-vormi seas alias 2 vormil, vastav EL-kood 2/2 vormil, aliasel 2 EAV-rida. See kinnitab allika alias-seost, mitte puuduva sihtvälja olemasolu ega uute võtmete tähendust.";"Rakendada ja kontrollida ETL-is; see tabel ei tõenda juba tehtud ülekannet."
rw_doc_vsi_6;2;Roadworthiness2012;sp_driver_form/sp_teammate_form.document_checks;"sõitjatevedu=VSI862; veosevedu=VSI860";DOC_RIGHT_CHECK;;"sõitjatevedu=VSI; veosevedu=VSI";"Ainult value='on'; vormi versioon ja alamtüüp peavad sobima; alias + EL-kood ei tohi tekitada topeltkirjet. Veoliik peab üheselt valima vastava haru; puuduv või vastuoluline liik blokeerib. Sama kood üksi ei tõenda sama tuvastust: arvestada lähtevormi, juhi/kaasjuhi või sõiduki/haagise rolli, sihtvälja ja klassifikaatori haru. Tõendatud alias-seose ühendamisel säilitada kõik lähteridade ID-d, võtmed ja väärtused; sõltumatuid põhjuseid ei liideta.";"Vana koodi ja sihtkirje vastavus kontrollitud; ETL-i rakendamine on eraldi töö.";"Ljvis/Areas/Forms/Views/Form/UnitedPartials/Roadworthiness/DocumentsTable/_Version2018.ascx:77 name=""rw_doc_vsi_6"" sõitjatevedu=""VSI862"" veosevedu=""VSI860"" | Ljvis/Areas/Forms/Views/Form/UnitedPartials/Roadworthiness/DocumentsTable/_Version2017.ascx:74 kood VSI862 on dokumendikontrolli tabelis; Kontroll 26.09.2026: DOC_RIGHT_CHECK.sõitjatevedu=VSI862; veosevedu=VSI860, puu=, sihtraskus=sõitjatevedu=VSI; veosevedu=VSI";"Rakendada ja kontrollida ETL-is; see tabel ei tõenda juba tehtud ülekannet."
MSI101;1;ForeignViolate;sp_driver_form/sp_teammate_form.violations_561_2006;MSI101;DRIVING_VIOLATION;SOIDUAJAD>SOIDUAJAD_08>MSI101;MSI;"Ainult value='on'; vormi versioon ja alamtüüp peavad sobima; alias + EL-kood ei tohi tekitada topeltkirjet. Sama kood üksi ei tõenda sama tuvastust: arvestada lähtevormi, juhi/kaasjuhi või sõiduki/haagise rolli, sihtvälja ja klassifikaatori haru. Tõendatud alias-seose ühendamisel säilitada kõik lähteridade ID-d, võtmed ja väärtused; sõltumatuid põhjuseid ei liideta.";"Vana koodi ja sihtkirje vastavus kontrollitud; ETL-i rakendamine on eraldi töö.";"LJVIS2 classifier_value: DRIVING_VIOLATION.MSI101 (SOIDUAJAD > SOIDUAJAD_08 > MSI101) | LJVIS2 SOIDUAJAD.description = 'Euroopa Parlamendi ja nõukogu määrus (EÜ) nr 561/2006' | Ljvis.Domain/Generators/JobInspectionV2ViolationClassifierGenerator.cs:27 JobInspectionV2ViolationClassifierGenerator Name=SOIDUAEG__561_2006_ART_6_3_B16; Kontroll 26.09.2026: DRIVING_VIOLATION.MSI101, puu=SOIDUAJAD>SOIDUAJAD_08>MSI101, sihtraskus=MSI";"Rakendada ja kontrollida ETL-is; see tabel ei tõenda juba tehtud ülekannet."
MSI501;1;Roadworthiness2012;sp_driver_form/sp_teammate_form.document_checks;MSI501;DOC_RIGHT_CHECK;JUHTIMIS_OIGUS>JUHTIMIS_OIGUS_01>MSI501;MSI;"Ainult value='on'; vormi versioon ja alamtüüp peavad sobima; alias + EL-kood ei tohi tekitada topeltkirjet. Sama kood üksi ei tõenda sama tuvastust: arvestada lähtevormi, juhi/kaasjuhi või sõiduki/haagise rolli, sihtvälja ja klassifikaatori haru. Tõendatud alias-seose ühendamisel säilitada kõik lähteridade ID-d, võtmed ja väärtused; sõltumatuid põhjuseid ei liideta.";"Vana koodi ja sihtkirje vastavus kontrollitud; ETL-i rakendamine on eraldi töö.";"LJVIS2 classifier_value: EU_INFRINGEMENT.MSI501 (MSI501) | Ljvis.Domain/Generators/KoigeRaskemateRikkumisteKategooriaClassifierGenerator.cs:28 KoigeRaskemateRikkumisteKategooriaClassifierGenerator Name=MSI 501 - sõitjate vedu ilma kehtivat juhiluba omamata. | Ljvis/Areas/Forms/Views/Form/UnitedPartials/Roadworthiness/DocumentsTable/_Version2017.ascx:24 kood MSI501 on dokumendikontrolli tabelis; Kontroll 26.09.2026: DOC_RIGHT_CHECK.MSI501, puu=JUHTIMIS_OIGUS>JUHTIMIS_OIGUS_01>MSI501, sihtraskus=MSI";"Rakendada ja kontrollida ETL-is; see tabel ei tõenda juba tehtud ülekannet."
OV_V2_TBCP_1_1_10;1;RoadControlCard2012;vehicle_technical_form/trailer_technical_form.parts_defects;CAA_1.1.10;TECHNICAL_CHECK;CAA_1>CAA_1.1.10;OV;"Ainult value='on'; vormi versioon ja alamtüüp peavad sobima; alias + EL-kood ei tohi tekitada topeltkirjet. Raskusastmed JSON-is VO/OV/EOV, mitte minor/major/dangerous; kontrollida punkti teksti ja ajaloolist versiooni. Sama kood üksi ei tõenda sama tuvastust: arvestada lähtevormi, juhi/kaasjuhi või sõiduki/haagise rolli, sihtvälja ja klassifikaatori haru. Tõendatud alias-seose ühendamisel säilitada kõik lähteridade ID-d, võtmed ja väärtused; sõltumatuid põhjuseid ei liideta.";"Vana koodi ja sihtkirje vastavus kontrollitud; ETL-i rakendamine on eraldi töö.";"Ljvis/Areas/Forms/Views/Form/PrintTemplatePartials/_RccTbcpVersion2020.ascx:147 punkt 1.1.10 ""Pidurivõimendid, peasilinder (hüdraulilistel süsteemidel)"" | Ljvis.Domain/Generators/RoadSideInspectionFailedReasonClassifierGenerator.cs:77 RoadSideInspectionFailedReason Description=V2_TBCP_1_1_10 (7 rida) | LJVIS2: TECHNICAL_CHECK.CAA_1.1.10 ""1.1.10 Pidurivõimendi, peasilinder""; Kontroll 26.09.2026: TECHNICAL_CHECK.CAA_1.1.10, puu=CAA_1>CAA_1.1.10, sihtraskus=OV";"Rakendada ja kontrollida ETL-is; see tabel ei tõenda juba tehtud ülekannet."
OV_V2_TBCP_1_6;1;RoadControlCard2012;vehicle_technical_form/trailer_technical_form.parts_defects;CAA_1.6;TECHNICAL_CHECK;CAA_1>CAA_1.6;OV;"Ainult value='on'; vormi versioon ja alamtüüp peavad sobima; alias + EL-kood ei tohi tekitada topeltkirjet. Raskusastmed JSON-is VO/OV/EOV, mitte minor/major/dangerous; kontrollida punkti teksti ja ajaloolist versiooni. Sama kood üksi ei tõenda sama tuvastust: arvestada lähtevormi, juhi/kaasjuhi või sõiduki/haagise rolli, sihtvälja ja klassifikaatori haru. Tõendatud alias-seose ühendamisel säilitada kõik lähteridade ID-d, võtmed ja väärtused; sõltumatuid põhjuseid ei liideta.";"Vana koodi ja sihtkirje vastavus kontrollitud; ETL-i rakendamine on eraldi töö.";"Ljvis/Areas/Forms/Views/Form/PrintTemplatePartials/_RccTbcpVersion2020.ascx:320 punkt 1.6 ""Blokeerumatu pidurisüsteem (ABS)"" | Ljvis.Domain/Generators/RoadSideInspectionFailedReasonClassifierGenerator.cs:189 RoadSideInspectionFailedReason Description=V2_TBCP_1_6 (6 rida) | LJVIS2: TECHNICAL_CHECK.CAA_1.6 ""1.6 Blokeerumatu pidurisüsteem (ABS)""; Kontroll 26.09.2026: TECHNICAL_CHECK.CAA_1.6, puu=CAA_1>CAA_1.6, sihtraskus=OV";"Rakendada ja kontrollida ETL-is; see tabel ei tõenda juba tehtud ülekannet."
OV_V2_TBCP_8_4_2;1;RoadControlCard2012;vehicle_technical_form/trailer_technical_form.parts_defects;CAA_8.4.2;TECHNICAL_CHECK;CAA_8>CAA_8.4.2;OV;"Ainult value='on'; vormi versioon ja alamtüüp peavad sobima; alias + EL-kood ei tohi tekitada topeltkirjet. Raskusastmed JSON-is VO/OV/EOV, mitte minor/major/dangerous; kontrollida punkti teksti ja ajaloolist versiooni. Sama kood üksi ei tõenda sama tuvastust: arvestada lähtevormi, juhi/kaasjuhi või sõiduki/haagise rolli, sihtvälja ja klassifikaatori haru. Tõendatud alias-seose ühendamisel säilitada kõik lähteridade ID-d, võtmed ja väärtused; sõltumatuid põhjuseid ei liideta.";"Vana koodi ja sihtkirje vastavus kontrollitud; ETL-i rakendamine on eraldi töö. Sihtbaasis kaks sama koodiga kirjet; mõlemal sama tähendus ja OV lubatud. Füüsilist classifier_value_key ei valita juhuslikult.";"Ljvis/Areas/Forms/Views/Form/PrintTemplatePartials/_RccTbcpVersion2020.ascx:1409 punkt 8.4.2 ""Vedelikulekked"" | LJVIS2: TECHNICAL_CHECK.CAA_8.4.2 ""8.4.2 Vedelikulekked""; Kontroll 26.09.2026: TECHNICAL_CHECK.CAA_8.4.2, puu=CAA_8>CAA_8.4.2, sihtraskus=OV";"Rakendada ja kontrollida ETL-is; see tabel ei tõenda juba tehtud ülekannet."
SI917;1;Roadworthiness2012;sp_driver_form/sp_teammate_form.violations_2002_15;SI917;DRIVING_VIOLATION;MAKS_TOOAEG>MAKS_TOOAEG_01>SI917;SI;"Ainult value='on'; vormi versioon ja alamtüüp peavad sobima; alias + EL-kood ei tohi tekitada topeltkirjet. Sama kood üksi ei tõenda sama tuvastust: arvestada lähtevormi, juhi/kaasjuhi või sõiduki/haagise rolli, sihtvälja ja klassifikaatori haru. Tõendatud alias-seose ühendamisel säilitada kõik lähteridade ID-d, võtmed ja väärtused; sõltumatuid põhjuseid ei liideta.";"Vana koodi ja sihtkirje vastavus kontrollitud; ETL-i rakendamine on eraldi töö.";"LJVIS2 classifier_value: DRIVING_VIOLATION.SI917 (MAKS_TOOAEG > MAKS_TOOAEG_01 > SI917) | LJVIS2 MAKS_TOOAEG.description = 'Euroopa Parlamendi ja nõukogu direktiiv 2002/15/EÜ' | Ljvis.Domain/Generators/JobInspectionV2ViolationClassifierGenerator.cs:78 JobInspectionV2ViolationClassifierGenerator Name=NADALA_TOOAEG__LS_PAR_130_LG_6; Kontroll 26.09.2026: DRIVING_VIOLATION.SI917, puu=MAKS_TOOAEG>MAKS_TOOAEG_01>SI917, sihtraskus=SI";"Rakendada ja kontrollida ETL-is; see tabel ei tõenda juba tehtud ülekannet."
SI928;1;Roadworthiness2012;sp_driver_form/sp_teammate_form.document_checks;SI928;DOC_RIGHT_CHECK;JUHTIMIS_OIGUS>JUHTIMIS_OIGUS_02>SI928;SI;"Ainult value='on'; vormi versioon ja alamtüüp peavad sobima; alias + EL-kood ei tohi tekitada topeltkirjet. Sama kood üksi ei tõenda sama tuvastust: arvestada lähtevormi, juhi/kaasjuhi või sõiduki/haagise rolli, sihtvälja ja klassifikaatori haru. Tõendatud alias-seose ühendamisel säilitada kõik lähteridade ID-d, võtmed ja väärtused; sõltumatuid põhjuseid ei liideta.";"Vana koodi ja sihtkirje vastavus kontrollitud; ETL-i rakendamine on eraldi töö.";"LJVIS2 classifier_value: EU_INFRINGEMENT.SI928 (SI928) | Ljvis.Domain/Generators/SeriousInfringementClassifierGenerator.cs:40 SeriousInfringementClassifierGenerator Name=SI 928 – kasutatakse juhiluba, mis on kahjustunud või mitteloetav või  | Ljvis/Areas/Forms/Views/Form/UnitedPartials/Roadworthiness/DocumentsTable/_Version2017.ascx:35 kood SI928 on dokumendikontrolli tabelis; Kontroll 26.09.2026: DOC_RIGHT_CHECK.SI928, puu=JUHTIMIS_OIGUS>JUHTIMIS_OIGUS_02>SI928, sihtraskus=SI";"Rakendada ja kontrollida ETL-is; see tabel ei tõenda juba tehtud ülekannet."
SI939;1;Roadworthiness2012;sp_driver_form/sp_teammate_form.document_checks;SI939;DOC_RIGHT_CHECK;JUHITUNNISTUS>JUHITUNNISTUS_02>SI939;SI;"Ainult value='on'; vormi versioon ja alamtüüp peavad sobima; alias + EL-kood ei tohi tekitada topeltkirjet. Sama kood üksi ei tõenda sama tuvastust: arvestada lähtevormi, juhi/kaasjuhi või sõiduki/haagise rolli, sihtvälja ja klassifikaatori haru. Tõendatud alias-seose ühendamisel säilitada kõik lähteridade ID-d, võtmed ja väärtused; sõltumatuid põhjuseid ei liideta.";"Vana koodi ja sihtkirje vastavus kontrollitud; ETL-i rakendamine on eraldi töö.";"LJVIS2 classifier_value: EU_INFRINGEMENT.SI939 (SI939) | Ljvis.Domain/Generators/SeriousInfringementClassifierGenerator.cs:51 SeriousInfringementClassifierGenerator Name=SI 939 – sõidukijuht või vedaja ei esita kehtivat juhitunnistust või k | Ljvis/Areas/Forms/Views/Form/UnitedPartials/Roadworthiness/DocumentsTable/_Version2017.ascx:104 kood SI939 on dokumendikontrolli tabelis; Kontroll 26.09.2026: DOC_RIGHT_CHECK.SI939, puu=JUHITUNNISTUS>JUHITUNNISTUS_02>SI939, sihtraskus=SI";"Rakendada ja kontrollida ETL-is; see tabel ei tõenda juba tehtud ülekannet."
VO_V2_TBCP_1_1_7;1;RoadControlCard2012;vehicle_technical_form/trailer_technical_form.parts_defects;CAA_1.1.7;TECHNICAL_CHECK;CAA_1>CAA_1.1.7;VO;"Ainult value='on'; vormi versioon ja alamtüüp peavad sobima; alias + EL-kood ei tohi tekitada topeltkirjet. Raskusastmed JSON-is VO/OV/EOV, mitte minor/major/dangerous; kontrollida punkti teksti ja ajaloolist versiooni. Sama kood üksi ei tõenda sama tuvastust: arvestada lähtevormi, juhi/kaasjuhi või sõiduki/haagise rolli, sihtvälja ja klassifikaatori haru. Tõendatud alias-seose ühendamisel säilitada kõik lähteridade ID-d, võtmed ja väärtused; sõltumatuid põhjuseid ei liideta.";"Vana koodi ja sihtkirje vastavus kontrollitud; ETL-i rakendamine on eraldi töö.";"Ljvis/Areas/Forms/Views/Form/PrintTemplatePartials/_RccTbcpVersion2020.ascx:126 punkt 1.1.7 ""Piduriklapid/ventiilid (sõidupidurikraanid, rõhualandajad, r"" | Ljvis.Domain/Generators/RoadSideInspectionFailedReasonClassifierGenerator.cs:60 RoadSideInspectionFailedReason Description=V2_TBCP_1_1_7 (4 rida) | LJVIS2: TECHNICAL_CHECK.CAA_1.1.7 ""1.1.7 Piduriklapid/ventiilid (sõidupidurikraanid, rõhualanda""; Kontroll 26.09.2026: TECHNICAL_CHECK.CAA_1.1.7, puu=CAA_1>CAA_1.1.7, sihtraskus=VO";"Rakendada ja kontrollida ETL-is; see tabel ei tõenda juba tehtud ülekannet."
VSI802;1;Roadworthiness2012;sp_driver_form/sp_teammate_form.violations_561_2006;VSI802;DRIVING_VIOLATION;SOIDUAJAD>SOIDUAJAD_05>VSI802;VSI;"Ainult value='on'; vormi versioon ja alamtüüp peavad sobima; alias + EL-kood ei tohi tekitada topeltkirjet. Sama kood üksi ei tõenda sama tuvastust: arvestada lähtevormi, juhi/kaasjuhi või sõiduki/haagise rolli, sihtvälja ja klassifikaatori haru. Tõendatud alias-seose ühendamisel säilitada kõik lähteridade ID-d, võtmed ja väärtused; sõltumatuid põhjuseid ei liideta.";"Vana koodi ja sihtkirje vastavus kontrollitud; ETL-i rakendamine on eraldi töö.";"LJVIS2 classifier_value: DRIVING_VIOLATION.VSI802 (SOIDUAJAD > SOIDUAJAD_05 > VSI802) | LJVIS2 SOIDUAJAD.description = 'Euroopa Parlamendi ja nõukogu määrus (EÜ) nr 561/2006' | Ljvis.Domain/Generators/JobInspectionV2ViolationClassifierGenerator.cs:22 JobInspectionV2ViolationClassifierGenerator Name=SOIDUAEG__561_2006_ART_6_2_B9_B10_B11; Kontroll 26.09.2026: DRIVING_VIOLATION.VSI802, puu=SOIDUAJAD>SOIDUAJAD_05>VSI802, sihtraskus=VSI";"Rakendada ja kontrollida ETL-is; see tabel ei tõenda juba tehtud ülekannet."
VSI809;1;Roadworthiness2012;sp_driver_form/sp_teammate_form.violations_561_2006;VSI809;DRIVING_VIOLATION;PUHKEPERIOODID>PUHKEPERIOODID_05>VSI809;VSI;"Ainult value='on'; vormi versioon ja alamtüüp peavad sobima; alias + EL-kood ei tohi tekitada topeltkirjet. Sama kood üksi ei tõenda sama tuvastust: arvestada lähtevormi, juhi/kaasjuhi või sõiduki/haagise rolli, sihtvälja ja klassifikaatori haru. Tõendatud alias-seose ühendamisel säilitada kõik lähteridade ID-d, võtmed ja väärtused; sõltumatuid põhjuseid ei liideta.";"Vana koodi ja sihtkirje vastavus kontrollitud; ETL-i rakendamine on eraldi töö.";"LJVIS2 classifier_value: DRIVING_VIOLATION.VSI809 (PUHKEPERIOODID > PUHKEPERIOODID_05 > VSI809) | LJVIS2 PUHKEPERIOODID.description = 'Euroopa Parlamendi ja nõukogu määrus (EÜ) nr 561/2006' | Ljvis.Domain/Generators/JobInspectionV2ViolationClassifierGenerator.cs:45 JobInspectionV2ViolationClassifierGenerator Name=PUHKEPERIOOD__561_2006_ART_8_6_D13_D14_D15; Kontroll 26.09.2026: DRIVING_VIOLATION.VSI809, puu=PUHKEPERIOODID>PUHKEPERIOODID_05>VSI809, sihtraskus=VSI";"Rakendada ja kontrollida ETL-is; see tabel ei tõenda juba tehtud ülekannet."
VSI828;1;Roadworthiness2012;sp_driver_form/sp_teammate_form.violations_165_2014;VSI828;DRIVING_VIOLATION;SOIDUMEERIKUD>SOIDUMEERIKUD_18>VSI828;MSI;"Ainult value='on'; vormi versioon ja alamtüüp peavad sobima; alias + EL-kood ei tohi tekitada topeltkirjet. Sama kood üksi ei tõenda sama tuvastust: arvestada lähtevormi, juhi/kaasjuhi või sõiduki/haagise rolli, sihtvälja ja klassifikaatori haru. Tõendatud alias-seose ühendamisel säilitada kõik lähteridade ID-d, võtmed ja väärtused; sõltumatuid põhjuseid ei liideta.";"Vana koodi ja sihtkirje vastavus kontrollitud; ETL-i rakendamine on eraldi töö.";"LJVIS2 classifier_value: DRIVING_VIOLATION.VSI828 (SOIDUMEERIKUD > SOIDUMEERIKUD_18 > VSI828) | LJVIS2 SOIDUMEERIKUD.description = 'Euroopa Parlamendi ja nõukogu määrus (EL) nr 165/2014' | Ljvis.Domain/Generators/JobInspectionV2ViolationClassifierGenerator.cs:76 JobInspectionV2ViolationClassifierGenerator Name=SOIDUMEERIK__165_2014_ART_34_5_H18; Kontroll 26.09.2026: DRIVING_VIOLATION.VSI828, puu=SOIDUMEERIKUD>SOIDUMEERIKUD_18>VSI828, sihtraskus=MSI";"Rakendada ja kontrollida ETL-is; see tabel ei tõenda juba tehtud ülekannet."
VSI861;1;Roadworthiness2012;sp_driver_form/sp_teammate_form.document_checks;VSI861;DOC_RIGHT_CHECK;JUHITUNNISTUS>JUHITUNNISTUS_01>VSI861;VSI;"Ainult value='on'; vormi versioon ja alamtüüp peavad sobima; alias + EL-kood ei tohi tekitada topeltkirjet. Sama kood üksi ei tõenda sama tuvastust: arvestada lähtevormi, juhi/kaasjuhi või sõiduki/haagise rolli, sihtvälja ja klassifikaatori haru. Tõendatud alias-seose ühendamisel säilitada kõik lähteridade ID-d, võtmed ja väärtused; sõltumatuid põhjuseid ei liideta.";"Vana koodi ja sihtkirje vastavus kontrollitud; ETL-i rakendamine on eraldi töö.";"LJVIS2 classifier_value: EU_INFRINGEMENT.VSI861 (VSI861) | Ljvis.Domain/Generators/VerySeriousInfringementClassifierGenerator.cs:73 VerySeriousInfringementClassifierGenerator Name=VSI 861 - veoste vedu ilma kehtiva juhitunnistuseta | Ljvis/Areas/Forms/Views/Form/UnitedPartials/Roadworthiness/DocumentsTable/_Version2017.ascx:94 kood VSI861 on dokumendikontrolli tabelis; Kontroll 26.09.2026: DOC_RIGHT_CHECK.VSI861, puu=JUHITUNNISTUS>JUHITUNNISTUS_01>VSI861, sihtraskus=VSI";"Rakendada ja kontrollida ETL-is; see tabel ei tõenda juba tehtud ülekannet."
VSI874;1;Roadworthiness2012;sp_driver_form/sp_teammate_form.violations_593_2008;VSI874;DRIVING_VIOLATION;ROOMA_I>ROOMA_I_01>VSI874;VSI;"Ainult value='on'; vormi versioon ja alamtüüp peavad sobima; alias + EL-kood ei tohi tekitada topeltkirjet. Sama kood üksi ei tõenda sama tuvastust: arvestada lähtevormi, juhi/kaasjuhi või sõiduki/haagise rolli, sihtvälja ja klassifikaatori haru. Tõendatud alias-seose ühendamisel säilitada kõik lähteridade ID-d, võtmed ja väärtused; sõltumatuid põhjuseid ei liideta.";"Vana koodi ja sihtkirje vastavus kontrollitud; ETL-i rakendamine on eraldi töö.";"LJVIS2 classifier_value: DRIVING_VIOLATION.VSI874 (ROOMA_I > ROOMA_I_01 > VSI874) | LJVIS2 ROOMA_I.description = 'Euroopa Parlamendi ja nõukogu määrus (EÜ) nr 593/2008'; Kontroll 26.09.2026: DRIVING_VIOLATION.VSI874, puu=ROOMA_I>ROOMA_I_01>VSI874, sihtraskus=VSI";"Rakendada ja kontrollida ETL-is; see tabel ei tõenda juba tehtud ülekannet."
VSI876;1;Roadworthiness2012;sp_driver_form/sp_teammate_form.violations_2020_1057;VSI876;DRIVING_VIOLATION;LAHETAMINE>LAHETAMINE_03>VSI876;VSI;"Ainult value='on'; vormi versioon ja alamtüüp peavad sobima; alias + EL-kood ei tohi tekitada topeltkirjet. Sama kood üksi ei tõenda sama tuvastust: arvestada lähtevormi, juhi/kaasjuhi või sõiduki/haagise rolli, sihtvälja ja klassifikaatori haru. Tõendatud alias-seose ühendamisel säilitada kõik lähteridade ID-d, võtmed ja väärtused; sõltumatuid põhjuseid ei liideta.";"Vana koodi ja sihtkirje vastavus kontrollitud; ETL-i rakendamine on eraldi töö.";"LJVIS2 classifier_value: DRIVING_VIOLATION.VSI876 (LAHETAMINE > LAHETAMINE_03 > VSI876) | LJVIS2 LAHETAMINE.description = 'Direktiiv (EL) 2020/1057'; Kontroll 26.09.2026: DRIVING_VIOLATION.VSI876, puu=LAHETAMINE>LAHETAMINE_03>VSI876, sihtraskus=VSI";"Rakendada ja kontrollida ETL-is; see tabel ei tõenda juba tehtud ülekannet."
VSI877;1;Roadworthiness2012;sp_driver_form/sp_teammate_form.violations_2020_1057;VSI877;DRIVING_VIOLATION;LAHETAMINE>LAHETAMINE_04>VSI877;VSI;"Ainult value='on'; vormi versioon ja alamtüüp peavad sobima; alias + EL-kood ei tohi tekitada topeltkirjet. Sama kood üksi ei tõenda sama tuvastust: arvestada lähtevormi, juhi/kaasjuhi või sõiduki/haagise rolli, sihtvälja ja klassifikaatori haru. Tõendatud alias-seose ühendamisel säilitada kõik lähteridade ID-d, võtmed ja väärtused; sõltumatuid põhjuseid ei liideta.";"Vana koodi ja sihtkirje vastavus kontrollitud; ETL-i rakendamine on eraldi töö.";"LJVIS2 classifier_value: DRIVING_VIOLATION.VSI877 (LAHETAMINE > LAHETAMINE_04 > VSI877) | LJVIS2 LAHETAMINE.description = 'Direktiiv (EL) 2020/1057'; Kontroll 26.09.2026: DRIVING_VIOLATION.VSI877, puu=LAHETAMINE>LAHETAMINE_04>VSI877, sihtraskus=VSI";"Rakendada ja kontrollida ETL-is; see tabel ei tõenda juba tehtud ülekannet."
VSI879;1;Roadworthiness2012;sp_driver_form/sp_teammate_form.violations_2020_1057;VSI879;DRIVING_VIOLATION;LAHETAMINE>LAHETAMINE_06>VSI879;VSI;"Ainult value='on'; vormi versioon ja alamtüüp peavad sobima; alias + EL-kood ei tohi tekitada topeltkirjet. Sama kood üksi ei tõenda sama tuvastust: arvestada lähtevormi, juhi/kaasjuhi või sõiduki/haagise rolli, sihtvälja ja klassifikaatori haru. Tõendatud alias-seose ühendamisel säilitada kõik lähteridade ID-d, võtmed ja väärtused; sõltumatuid põhjuseid ei liideta.";"Vana koodi ja sihtkirje vastavus kontrollitud; ETL-i rakendamine on eraldi töö.";"LJVIS2 classifier_value: DRIVING_VIOLATION.VSI879 (LAHETAMINE > LAHETAMINE_06 > VSI879) | LJVIS2 LAHETAMINE.description = 'Direktiiv (EL) 2020/1057'; Kontroll 26.09.2026: DRIVING_VIOLATION.VSI879, puu=LAHETAMINE>LAHETAMINE_06>VSI879, sihtraskus=VSI";"Rakendada ja kontrollida ETL-is; see tabel ei tõenda juba tehtud ülekannet."
art4_part1_2;1;Roadworthiness2012;sp_driver_form/sp_teammate_form.violations_2002_15;SI917;DRIVING_VIOLATION;MAKS_TOOAEG>MAKS_TOOAEG_01>SI917;SI;"Ainult value='on'; vormi versioon ja alamtüüp peavad sobima; alias + EL-kood ei tohi tekitada topeltkirjet. Sama kood üksi ei tõenda sama tuvastust: arvestada lähtevormi, juhi/kaasjuhi või sõiduki/haagise rolli, sihtvälja ja klassifikaatori haru. Tõendatud alias-seose ühendamisel säilitada kõik lähteridade ID-d, võtmed ja väärtused; sõltumatuid põhjuseid ei liideta.";"Vana koodi ja sihtkirje vastavus kontrollitud; ETL-i rakendamine on eraldi töö.";"Ljvis/Areas/Forms/Views/Form/UnitedPartials/Roadworthiness/InfringementTable/_Version2017.ascx:1051 name=""art4_part1_2"" si=""SI917"" | LJVIS2: DRIVING_VIOLATION.SI917 (MAKS_TOOAEG > MAKS_TOOAEG_01 > SI917) | LJVIS2 MAKS_TOOAEG.description = 'Euroopa Parlamendi ja nõukogu direktiiv 2002/15/EÜ'; Kontroll 26.09.2026: DRIVING_VIOLATION.SI917, puu=MAKS_TOOAEG>MAKS_TOOAEG_01>SI917, sihtraskus=SI | Raund 3: mallist automaatselt leitud art4_part1_2→SI917 kontrolliti sõltumatu input-atribuutide lugemisega. 77 eligible-vormi seas alias 1 vormil, vastav EL-kood 1/1 vormil, aliasel 1 EAV-rida. See kinnitab allika alias-seost, mitte puuduva sihtvälja olemasolu ega uute võtmete tähendust.";"Rakendada ja kontrollida ETL-is; see tabel ei tõenda juba tehtud ülekannet."
art6_lg2_3;1;Roadworthiness2012;sp_driver_form/sp_teammate_form.violations_561_2006;VSI802;DRIVING_VIOLATION;SOIDUAJAD>SOIDUAJAD_05>VSI802;VSI;"Ainult value='on'; vormi versioon ja alamtüüp peavad sobima; alias + EL-kood ei tohi tekitada topeltkirjet. Sama kood üksi ei tõenda sama tuvastust: arvestada lähtevormi, juhi/kaasjuhi või sõiduki/haagise rolli, sihtvälja ja klassifikaatori haru. Tõendatud alias-seose ühendamisel säilitada kõik lähteridade ID-d, võtmed ja väärtused; sõltumatuid põhjuseid ei liideta.";"Vana koodi ja sihtkirje vastavus kontrollitud; ETL-i rakendamine on eraldi töö.";"Ljvis/App_Data/breaches/breaches_561_2006.json (fail nimetab maaruse) | Ljvis/Areas/Forms/Views/Form/UnitedPartials/Roadworthiness/InfringementTable/_Version2015.ascx:142 tabeli pais: 1. Euroopa Parlamendi ja nõukogu määruse (EÜ) nr 561/2006 rikkumiste k | Ljvis/Areas/Forms/Views/Form/UnitedPartials/Roadworthiness/InfringementTable/_Version2016.ascx:142 tabeli pais: 1. Euroopa Parlamendi ja nõukogu määruse (EÜ) nr 561/2006 rikkumised k | Ljvis/Areas/Forms/Views/Form/UnitedPartials/Roadworthiness/InfringementTable/_Version2017.ascx:147 tabeli pais: 1. Euroopa Parlamendi ja nõukogu määruse (EÜ) nr 561/2006 rikkumised k | Ljvis/Areas/Forms/Views/Form/UnitedPartials/Roadworthiness2012_old.ascx:314 tabeli pais: 1. Euroopa Parlamendi ja nõukogu määruse (EÜ) nr 561/2006 rikkumised k | Ljvis/Areas/Forms/Views/Form/UnitedPartials/Roadworthiness2012_old.ascx:1328 tabeli pais: 1. Euroopa Parlamendi ja nõukogu määruse (EÜ) nr 561/2006 rikkumiste k | Ljvis/Areas/Forms/Views/Form/UnitedPartials/Roadworthiness/InfringementTable/_Version2017.ascx:147 name=""art6_lg2_3"" vsi=""VSI802"" | LJVIS2: DRIVING_VIOLATION.VSI802 (SOIDUAJAD > SOIDUAJAD_05 > VSI802); Kontroll 26.09.2026: DRIVING_VIOLATION.VSI802, puu=SOIDUAJAD>SOIDUAJAD_05>VSI802, sihtraskus=VSI | Raund 3: mallist automaatselt leitud art6_lg2_3→VSI802 kontrolliti sõltumatu input-atribuutide lugemisega. 77 eligible-vormi seas alias 1 vormil, vastav EL-kood 1/1 vormil, aliasel 1 EAV-rida. See kinnitab allika alias-seost, mitte puuduva sihtvälja olemasolu ega uute võtmete tähendust.";"Rakendada ja kontrollida ETL-is; see tabel ei tõenda juba tehtud ülekannet."
art8_lg2_part2_1;1;Roadworthiness2012;sp_driver_form/sp_teammate_form.violations_561_2006;PUHKEPERIOODID_02_MI;DRIVING_VIOLATION;PUHKEPERIOODID>PUHKEPERIOODID_02>PUHKEPERIOODID_02_MI;MI;"Ainult value='on'; vormi versioon ja alamtüüp peavad sobima; alias + EL-kood ei tohi tekitada topeltkirjet. Sama kood üksi ei tõenda sama tuvastust: arvestada lähtevormi, juhi/kaasjuhi või sõiduki/haagise rolli, sihtvälja ja klassifikaatori haru. Tõendatud alias-seose ühendamisel säilitada kõik lähteridade ID-d, võtmed ja väärtused; sõltumatuid põhjuseid ei liideta.";"Vana koodi ja sihtkirje vastavus kontrollitud; ETL-i rakendamine on eraldi töö.";"Ljvis/App_Data/breaches/breaches_561_2006.json (fail nimetab maaruse) | Ljvis/Areas/Forms/Views/Form/UnitedPartials/Roadworthiness/InfringementTable/_Version2015.ascx:274 tabeli pais: 1. Euroopa Parlamendi ja nõukogu määruse (EÜ) nr 561/2006 rikkumiste k | Ljvis/Areas/Forms/Views/Form/UnitedPartials/Roadworthiness/InfringementTable/_Version2016.ascx:274 tabeli pais: 1. Euroopa Parlamendi ja nõukogu määruse (EÜ) nr 561/2006 rikkumised k | Ljvis/Areas/Forms/Views/Form/UnitedPartials/Roadworthiness/InfringementTable/_Version2017.ascx:284 tabeli pais: 1. Euroopa Parlamendi ja nõukogu määruse (EÜ) nr 561/2006 rikkumised k | Ljvis/Areas/Forms/Views/Form/UnitedPartials/Roadworthiness2012_old.ascx:446 tabeli pais: 1. Euroopa Parlamendi ja nõukogu määruse (EÜ) nr 561/2006 rikkumised k | Ljvis/Areas/Forms/Views/Form/UnitedPartials/Roadworthiness2012_old.ascx:1460 tabeli pais: 1. Euroopa Parlamendi ja nõukogu määruse (EÜ) nr 561/2006 rikkumiste k | Ljvis/Areas/Forms/Views/Form/UnitedPartials/Roadworthiness/InfringementTable/_Version2015.ascx:274 alus=""Artikli 8 lõige 2"" tekst kattub taielikult | vahemik ""8h ≤ ... < 9h"" -> LJVIS2 PUHKEPERIOODID_02_MI; Kontroll 26.09.2026: DRIVING_VIOLATION.PUHKEPERIOODID_02_MI, puu=PUHKEPERIOODID>PUHKEPERIOODID_02>PUHKEPERIOODID_02_MI, sihtraskus=MI";"Rakendada ja kontrollida ETL-is; see tabel ei tõenda juba tehtud ülekannet."
art8_lg6_part1_3;1;Roadworthiness2012;sp_driver_form/sp_teammate_form.violations_561_2006;VSI809;DRIVING_VIOLATION;PUHKEPERIOODID>PUHKEPERIOODID_05>VSI809;VSI;"Ainult value='on'; vormi versioon ja alamtüüp peavad sobima; alias + EL-kood ei tohi tekitada topeltkirjet. Sama kood üksi ei tõenda sama tuvastust: arvestada lähtevormi, juhi/kaasjuhi või sõiduki/haagise rolli, sihtvälja ja klassifikaatori haru. Tõendatud alias-seose ühendamisel säilitada kõik lähteridade ID-d, võtmed ja väärtused; sõltumatuid põhjuseid ei liideta.";"Vana koodi ja sihtkirje vastavus kontrollitud; ETL-i rakendamine on eraldi töö.";"Ljvis/App_Data/breaches/breaches_561_2006.json (fail nimetab maaruse) | Ljvis/Areas/Forms/Views/Form/UnitedPartials/Roadworthiness/InfringementTable/_Version2015.ascx:387 tabeli pais: 1. Euroopa Parlamendi ja nõukogu määruse (EÜ) nr 561/2006 rikkumiste k | Ljvis/Areas/Forms/Views/Form/UnitedPartials/Roadworthiness/InfringementTable/_Version2016.ascx:387 tabeli pais: 1. Euroopa Parlamendi ja nõukogu määruse (EÜ) nr 561/2006 rikkumised k | Ljvis/Areas/Forms/Views/Form/UnitedPartials/Roadworthiness/InfringementTable/_Version2017.ascx:397 tabeli pais: 1. Euroopa Parlamendi ja nõukogu määruse (EÜ) nr 561/2006 rikkumised k | Ljvis/Areas/Forms/Views/Form/UnitedPartials/Roadworthiness2012_old.ascx:559 tabeli pais: 1. Euroopa Parlamendi ja nõukogu määruse (EÜ) nr 561/2006 rikkumised k | Ljvis/Areas/Forms/Views/Form/UnitedPartials/Roadworthiness2012_old.ascx:1573 tabeli pais: 1. Euroopa Parlamendi ja nõukogu määruse (EÜ) nr 561/2006 rikkumiste k | Ljvis/Areas/Forms/Views/Form/UnitedPartials/Roadworthiness/InfringementTable/_Version2017.ascx:397 name=""art8_lg6_part1_3"" vsi=""VSI809"" | LJVIS2: DRIVING_VIOLATION.VSI809 (PUHKEPERIOODID > PUHKEPERIOODID_05 > VSI809); Kontroll 26.09.2026: DRIVING_VIOLATION.VSI809, puu=PUHKEPERIOODID>PUHKEPERIOODID_05>VSI809, sihtraskus=VSI | Raund 3: mallist automaatselt leitud art8_lg6_part1_3→VSI809 kontrolliti sõltumatu input-atribuutide lugemisega. 77 eligible-vormi seas alias 1 vormil, vastav EL-kood 1/1 vormil, aliasel 1 EAV-rida. See kinnitab allika alias-seost, mitte puuduva sihtvälja olemasolu ega uute võtmete tähendust.";"Rakendada ja kontrollida ETL-is; see tabel ei tõenda juba tehtud ülekannet."
rw_doc_msi_1;1;Roadworthiness2012;sp_driver_form/sp_teammate_form.document_checks;MSI501;DOC_RIGHT_CHECK;JUHTIMIS_OIGUS>JUHTIMIS_OIGUS_01>MSI501;MSI;"Ainult value='on'; vormi versioon ja alamtüüp peavad sobima; alias + EL-kood ei tohi tekitada topeltkirjet. Sama kood üksi ei tõenda sama tuvastust: arvestada lähtevormi, juhi/kaasjuhi või sõiduki/haagise rolli, sihtvälja ja klassifikaatori haru. Tõendatud alias-seose ühendamisel säilitada kõik lähteridade ID-d, võtmed ja väärtused; sõltumatuid põhjuseid ei liideta.";"Vana koodi ja sihtkirje vastavus kontrollitud; ETL-i rakendamine on eraldi töö.";"Ljvis/Areas/Forms/Views/Form/UnitedPartials/Roadworthiness/DocumentsTable/_Version2017.ascx:24 name=""rw_doc_msi_1"" msi=""MSI501"" | LJVIS2: EU_INFRINGEMENT.MSI501 (MSI501) | Ljvis/Areas/Forms/Views/Form/UnitedPartials/Roadworthiness/DocumentsTable/_Version2017.ascx:24 kood MSI501 on dokumendikontrolli tabelis; Kontroll 26.09.2026: DOC_RIGHT_CHECK.MSI501, puu=JUHTIMIS_OIGUS>JUHTIMIS_OIGUS_01>MSI501, sihtraskus=MSI | Raund 3: mallist automaatselt leitud rw_doc_msi_1→MSI501 kontrolliti sõltumatu input-atribuutide lugemisega. 77 eligible-vormi seas alias 1 vormil, vastav EL-kood 1/1 vormil, aliasel 1 EAV-rida. See kinnitab allika alias-seost, mitte puuduva sihtvälja olemasolu ega uute võtmete tähendust.";"Rakendada ja kontrollida ETL-is; see tabel ei tõenda juba tehtud ülekannet."
rw_doc_si_2;1;Roadworthiness2012;sp_driver_form/sp_teammate_form.document_checks;SI928;DOC_RIGHT_CHECK;JUHTIMIS_OIGUS>JUHTIMIS_OIGUS_02>SI928;SI;"Ainult value='on'; vormi versioon ja alamtüüp peavad sobima; alias + EL-kood ei tohi tekitada topeltkirjet. Sama kood üksi ei tõenda sama tuvastust: arvestada lähtevormi, juhi/kaasjuhi või sõiduki/haagise rolli, sihtvälja ja klassifikaatori haru. Tõendatud alias-seose ühendamisel säilitada kõik lähteridade ID-d, võtmed ja väärtused; sõltumatuid põhjuseid ei liideta.";"Vana koodi ja sihtkirje vastavus kontrollitud; ETL-i rakendamine on eraldi töö.";"Ljvis/Areas/Forms/Views/Form/UnitedPartials/Roadworthiness/DocumentsTable/_Version2017.ascx:35 name=""rw_doc_si_2"" si=""SI928"" | LJVIS2: EU_INFRINGEMENT.SI928 (SI928) | Ljvis/Areas/Forms/Views/Form/UnitedPartials/Roadworthiness/DocumentsTable/_Version2017.ascx:35 kood SI928 on dokumendikontrolli tabelis; Kontroll 26.09.2026: DOC_RIGHT_CHECK.SI928, puu=JUHTIMIS_OIGUS>JUHTIMIS_OIGUS_02>SI928, sihtraskus=SI | Raund 3: mallist automaatselt leitud rw_doc_si_2→SI928 kontrolliti sõltumatu input-atribuutide lugemisega. 77 eligible-vormi seas alias 1 vormil, vastav EL-kood 1/1 vormil, aliasel 1 EAV-rida. See kinnitab allika alias-seost, mitte puuduva sihtvälja olemasolu ega uute võtmete tähendust.";"Rakendada ja kontrollida ETL-is; see tabel ei tõenda juba tehtud ülekannet."
rw_doc_si_9;1;Roadworthiness2012;sp_driver_form/sp_teammate_form.document_checks;SI939;DOC_RIGHT_CHECK;JUHITUNNISTUS>JUHITUNNISTUS_02>SI939;SI;"Ainult value='on'; vormi versioon ja alamtüüp peavad sobima; alias + EL-kood ei tohi tekitada topeltkirjet. Sama kood üksi ei tõenda sama tuvastust: arvestada lähtevormi, juhi/kaasjuhi või sõiduki/haagise rolli, sihtvälja ja klassifikaatori haru. Tõendatud alias-seose ühendamisel säilitada kõik lähteridade ID-d, võtmed ja väärtused; sõltumatuid põhjuseid ei liideta.";"Vana koodi ja sihtkirje vastavus kontrollitud; ETL-i rakendamine on eraldi töö.";"Ljvis/Areas/Forms/Views/Form/UnitedPartials/Roadworthiness/DocumentsTable/_Version2017.ascx:104 name=""rw_doc_si_9"" si=""SI939"" | LJVIS2: EU_INFRINGEMENT.SI939 (SI939) | Ljvis/Areas/Forms/Views/Form/UnitedPartials/Roadworthiness/DocumentsTable/_Version2017.ascx:104 kood SI939 on dokumendikontrolli tabelis; Kontroll 26.09.2026: DOC_RIGHT_CHECK.SI939, puu=JUHITUNNISTUS>JUHITUNNISTUS_02>SI939, sihtraskus=SI | Raund 3: mallist automaatselt leitud rw_doc_si_9→SI939 kontrolliti sõltumatu input-atribuutide lugemisega. 77 eligible-vormi seas alias 1 vormil, vastav EL-kood 1/1 vormil, aliasel 1 EAV-rida. See kinnitab allika alias-seost, mitte puuduva sihtvälja olemasolu ega uute võtmete tähendust.";"Rakendada ja kontrollida ETL-is; see tabel ei tõenda juba tehtud ülekannet."
rw_doc_vsi_8;1;Roadworthiness2012;sp_driver_form/sp_teammate_form.document_checks;VSI861;DOC_RIGHT_CHECK;JUHITUNNISTUS>JUHITUNNISTUS_01>VSI861;VSI;"Ainult value='on'; vormi versioon ja alamtüüp peavad sobima; alias + EL-kood ei tohi tekitada topeltkirjet. Sama kood üksi ei tõenda sama tuvastust: arvestada lähtevormi, juhi/kaasjuhi või sõiduki/haagise rolli, sihtvälja ja klassifikaatori haru. Tõendatud alias-seose ühendamisel säilitada kõik lähteridade ID-d, võtmed ja väärtused; sõltumatuid põhjuseid ei liideta.";"Vana koodi ja sihtkirje vastavus kontrollitud; ETL-i rakendamine on eraldi töö.";"Ljvis/Areas/Forms/Views/Form/UnitedPartials/Roadworthiness/DocumentsTable/_Version2017.ascx:94 name=""rw_doc_vsi_8"" vsi=""VSI861"" | LJVIS2: EU_INFRINGEMENT.VSI861 (VSI861) | Ljvis/Areas/Forms/Views/Form/UnitedPartials/Roadworthiness/DocumentsTable/_Version2017.ascx:94 kood VSI861 on dokumendikontrolli tabelis; Kontroll 26.09.2026: DOC_RIGHT_CHECK.VSI861, puu=JUHITUNNISTUS>JUHITUNNISTUS_01>VSI861, sihtraskus=VSI | Raund 3: mallist automaatselt leitud rw_doc_vsi_8→VSI861 kontrolliti sõltumatu input-atribuutide lugemisega. 77 eligible-vormi seas alias 1 vormil, vastav EL-kood 1/1 vormil, aliasel 1 EAV-rida. See kinnitab allika alias-seost, mitte puuduva sihtvälja olemasolu ega uute võtmete tähendust.";"Rakendada ja kontrollida ETL-is; see tabel ei tõenda juba tehtud ülekannet."
art6_lg2_1;2;Roadworthiness2012;sp_driver_form/sp_teammate_form.violations_561_2006;SOIDUAJAD_05_MI;DRIVING_VIOLATION;SOIDUAJAD>SOIDUAJAD_05>SOIDUAJAD_05_MI;MI;"Ainult value='on'; vormi versioon ja alamtüüp peavad sobima; alias + EL-kood ei tohi tekitada topeltkirjet. Sama kood üksi ei tõenda sama tuvastust: arvestada lähtevormi, juhi/kaasjuhi või sõiduki/haagise rolli, sihtvälja ja klassifikaatori haru. Tõendatud alias-seose ühendamisel säilitada kõik lähteridade ID-d, võtmed ja väärtused; sõltumatuid põhjuseid ei liideta.";Uuesti kontrollitud: vana tabeli kirjeldus, MI veerg ja ajavahemik kattuvad sihtkirjega.;"Ljvis/Areas/Forms/Views/Form/UnitedPartials/Roadworthiness/InfringementTable/_Version2017.ascx:129; 56h < ... < 60h; LJVIS2 DRIVING_VIOLATION.SOIDUAJAD_05_MI; Kontroll 26.09.2026: DRIVING_VIOLATION.SOIDUAJAD_05_MI, puu=SOIDUAJAD>SOIDUAJAD_05>SOIDUAJAD_05_MI, sihtraskus=MI";"Rakendada ja kontrollida ETL-is; see tabel ei tõenda juba tehtud ülekannet."
art7_1;1;Roadworthiness2012;sp_driver_form/sp_teammate_form.violations_561_2006;VAHEAJAD_561_01_MI;DRIVING_VIOLATION;VAHEAJAD_561>VAHEAJAD_561_01>VAHEAJAD_561_01_MI;MI;"Ainult value='on'; vormi versioon ja alamtüüp peavad sobima; alias + EL-kood ei tohi tekitada topeltkirjet. Sama kood üksi ei tõenda sama tuvastust: arvestada lähtevormi, juhi/kaasjuhi või sõiduki/haagise rolli, sihtvälja ja klassifikaatori haru. Tõendatud alias-seose ühendamisel säilitada kõik lähteridade ID-d, võtmed ja väärtused; sõltumatuid põhjuseid ei liideta.";Uuesti kontrollitud: vana tabeli kirjeldus, MI veerg ja ajavahemik kattuvad sihtkirjega.;"Ljvis/Areas/Forms/Views/Form/UnitedPartials/Roadworthiness/InfringementTable/_Version2017.ascx:218; 4h30 < ... < 5h; LJVIS2 DRIVING_VIOLATION.VAHEAJAD_561_01_MI; Kontroll 26.09.2026: DRIVING_VIOLATION.VAHEAJAD_561_01_MI, puu=VAHEAJAD_561>VAHEAJAD_561_01>VAHEAJAD_561_01_MI, sihtraskus=MI";"Rakendada ja kontrollida ETL-is; see tabel ei tõenda juba tehtud ülekannet."
